lake_id,arc1,arc2,arc3,arc4
1150001092,9.532685e-15,1.0,7.3535377e-16,2.6374702e-26
1150002502,2.95667e-40,0.0,1.0,0.0
1150003802,0.0,0.0,1.0,0.0
1150004092,0.0,1.0,1.331228e-39,0.0
1150005262,0.0,1.0,6.976752e-33,3.0632e-41
1150005972,0.0,1.0,0.0,4.25e-43
1150007303,3e-45,1.0,0.0,0.0
1150008332,1.0,0.0,9.2532e-41,7.141073e-36
1160000282,0.0,1.0,0.0,3.15e-43
1170006442,1.1e-44,1.0,0.0,2.4869113e-37
1170013972,7.156952e-34,1.0,0.0,1.0644923e-34
1220005463,0.5,0.25,0.25,0.0
1220053053,2.538389e-18,1.0,7.7380584e-25,1.6475556e-18
1220056903,4.7165452e-11,1.0,3.9674957e-17,5.06627e-17
1240009142,0.0,1.0,0.0,0.0
1240018052,0.0,1.0,0.0,0.0
1250010552,0.0,1.0,1e-44,9.089e-42
1250034252,1.384099e-39,1.0,2.226515e-39,1.4307598e-34
1250051122,3.0010408e-18,0.99999976,1.8014082e-07,4.376613e-17
1250064892,0.5,0.0,0.0,0.5
1270041163,6.060277e-27,1.0,1.72e-43,2.9192002e-27
1270045763,0.0,1.0,3.332e-42,0.0
1270054173,1.1662525e-33,1.0,3.9e-44,0.0
1320023702,0.0,1.0,0.0,0.0
1320031272,0.0,1.0,0.0,0.0
1320031292,9.066663e-39,1.0,3.114163e-36,0.0
1320035532,1.4018724e-26,1.0,0.0,8.741808e-31
1320036032,0.5,0.5,5.540524e-13,9.024583e-25
1320036142,3.7393236e-22,1.0,1.8871944e-17,2.6602398e-20
1320037342,5.512524e-32,1.0,0.0,2.2879408e-37
1320040872,4e-45,1.0,9.850997e-34,3.3271817e-30
1330003052,0.0,1.0,0.0,0.0
1330006212,0.0,1.0,0.0,0.0
1330007723,0.0,1.0,1.0961795e-38,0.0
1330008622,0.0,0.0,1.0,0.0
1330010923,6.588431e-22,1.0,2.1298313e-37,9.147235e-22
1330015103,8.422593e-25,1.0,1.2634112e-25,5.2324e-41
1420040083,0.0,1.0,9.61565e-40,0.0
1420043703,0.0,1.0,0.0,0.0
1420049113,1.0,0.0,0.0,0.0
1430002253,0.0,1.0,0.0,1.6257683e-31
1430002872,0.0,0.0,0.0,1.0
1430004273,0.0,0.0,1.0,0.0
1430005083,0.0,0.5,0.5,1.1792938e-37
1440001863,0.33333334,0.6666667,0.0,6.331826e-33
1450003703,0.0,1.0,0.0,0.0
1450009233,0.0,0.0,1.0,0.0
1450009543,0.0,1.0,0.0,0.0
1450009923,1.0,0.0,0.0,0.0
1450014203,0.6666667,0.33333334,0.0,0.0
1530004152,1.0,0.0,0.0,0.0
1530011512,0.0,9.229436e-13,6.968207e-20,1.0
1530012122,1.0,0.0,0.0,0.0
1540002042,0.0,0.0,0.0,1.0
1620004522,4.8e-44,1.0,3.4e-44,0.0
1620008282,0.0,1.0,0.0,0.0
1620023612,2.9262e-41,1.0,3.3215477e-32,5.66e-43
1620031802,0.0,1.0,1.3200039e-28,3.1e-44
1620032342,9.012553e-33,1.0,1.8843052e-32,0.0
1620034183,1.4365533e-24,1.0,3.589867e-21,0.0
1720001282,0.0,1.0,0.0,0.0
1720003902,2.2946134e-34,1.0,0.0,1.0078083e-38
1720003932,0.0,1.0,2.3228055e-33,0.0
1720004433,0.4,0.4,0.2,7e-45
1720004453,0.0,0.0,1.0,0.0
1720010272,2.1102e-40,1.0,4.271875e-38,0.0
1720010283,3.4792284e-23,1.0,7.307964e-27,3.4684653e-37
1720033122,2.5428888e-36,1.0,6.246e-42,2.7552e-41
1720042152,0.0,1.0,4e-45,0.0
1720046943,0.0,1.0,1.2404932e-27,4e-45
1720052653,0.0,0.0,1.0,0.0
1720056903,3.1998214e-18,1.0,5.237202e-19,1.3402244e-18
1810030972,0.0,1.0,0.0,0.0
1810042913,0.0,0.0,1.0,0.0
2110011792,1.0,0.0,0.0,0.0
2110020813,0.0,3.0746e-41,1.0,0.0
2110024562,0.0,1.0,0.0,0.0
2110026463,1.0,0.0,0.0,2.1693063e-28
2130000053,0.0,1.0,0.0,0.0
2130002132,0.0,1.0,6.502929e-39,0.0
2130004742,0.0,1.0,0.0,0.0
2130024252,0.0,0.0,0.0,1.0
2130026062,0.0,1.0,0.0,0.0
2140010713,3.6682292e-38,1.0,0.0,8.533873e-37
2140014592,3.4207077e-29,1.0,1.2749737e-34,3.7977695e-33
2140016022,1e-45,1.0,3.4e-44,0.0
2150000032,0.0,0.0,0.0,1.0
2150005082,5.7905886e-21,1.1457408e-22,1.0,0.0
2160009382,3.5664532e-31,1.0,2.5594597e-23,8.958862e-28
2160009923,0.0,0.0,1.0,0.0
2160026602,1.0,0.0,0.0,0.0
2160046863,2.427362e-15,1.0,1.5899172e-22,8.0187974e-17
2220020922,0.0,0.0,1.0,0.0
2230005753,0.0,1.0,3.6334117e-31,2.983335e-35
2230021903,2.0434705e-19,1.0,1.688538e-23,1.2444806e-37
2230037623,0.5,1.1506963e-24,0.5,2.5585203e-22
2230044463,0.0,0.6666667,0.33333334,0.0
2230062373,0.0,1.0,0.0,0.0
2230073093,5.977037e-39,1.0,5.321484e-39,0.0
2240003112,0.0,0.0,1.0,0.0
2250031083,9.930048e-25,1.0,0.0,1.0864406e-26
2250031093,5.6e-44,1.0,6.6027836e-11,2.6397394e-30
2250085593,8.285832e-39,1.0,1.52541e-40,6.885228e-23
2250088883,0.0,0.0,1.0,0.0
2250088893,1.1568471e-09,1.0,9.997574e-20,3.2621712e-18
2260001413,2.6268082e-19,1.0,1.6407078e-34,9.113067e-20
2260031502,1.0,0.0,0.0,0.0
2260033822,0.0,0.0,0.0,1.0
2270044473,2.3183416e-35,1.0,0.0,1.69483e-40
2270102272,1e-45,1.0,0.0,3.9224434e-37
2270141422,0.0,0.0,0.0,1.0
2280007082,0.0,1.0,0.0,0.0
2310000123,0.0,1e-45,1.0,0.0
2310000133,0.0,0.0,1.0,0.0
2310015232,0.0,0.0,1.0,0.0
2310028243,0.0,1.0,0.0,0.0
2310028773,0.0,0.0,1.0,0.0
2320145123,0.0,1.0,1.4536796e-26,9.6097e-41
2320145143,1.9729755e-22,1.0,2.2073408e-18,0.0
2320145163,0.0,1.0,1.16673105e-14,3.5985173e-29
2320145183,1.0712268e-22,0.5,0.5,6.16282e-36
2320146452,0.0,1.0,0.0,1.7146e-40
2320253402,0.0,1.0,0.0,0.0
2330041242,1.0,0.0,0.0,0.0
2330042812,0.0,1.0,0.0,0.0
2340000023,3.802366e-37,1.0,1.4127317e-32,3.1226648e-28
2340009563,0.0,1.0,0.0,0.0
2340009603,0.0,1.0,0.0,0.0
2340009652,0.0,1.0,0.0,0.0
2410000012,1.0,0.0,0.0,0.0
2420056183,5.0328343e-35,1.0,2.7059109e-28,0.0
2420103152,0.0,1.0,0.0,0.0
2420169883,2.351021e-39,1.0,8.3903e-41,0.0
2420171232,8.205497e-39,1.0,1.4784e-41,0.0
2420190622,0.0,1.0,3e-45,0.0
2420198012,2.063797e-39,1.0,1e-45,0.0
2420211473,6.0687694e-31,1.0,1.5035124e-17,8.3341213e-26
2420216142,3.0635e-41,1.0,2.2642e-41,0.0
2420223932,0.0,1.0,0.0,0.0
2420247492,0.0,1.0,0.0,0.0
2430013653,0.5,0.5,2.8801052e-20,8.0686463e-25
2430018852,8.465405e-27,1.0,7.8012195e-21,0.0
2430022262,8.343655e-18,1.0,3.844305e-18,1.0419808e-16
2430032542,3.035029e-39,1.0,4.123e-42,0.0
2430040072,7.683e-42,1.0,2.3132131e-24,9.027839e-31
2430049102,3.6926447e-35,0.5,0.5,0.0
2430049112,2.010521e-39,1.0,1.3379008e-33,0.0
2430050912,2.2601173e-33,1.0,6.215e-42,4.905e-42
2430052952,0.0,1.0,0.0,0.0
2430082632,7.703612e-33,1.0,4.40034e-30,3.656039e-35
2430089002,1.25017e-13,0.5,0.5,6.8179463e-22
2430089012,0.0,1.0,3.8734036e-30,0.0
2430089022,9.815745e-25,1.0,0.0,1.0007141e-29
2430090182,0.0,1.0,1e-45,0.0
2430090663,0.0,1.0,0.0,0.0
2430092802,0.0,1.0,0.0,0.0
2430094883,1.0,3.0956403e-32,1.4821444e-27,1.494e-42
2430107363,0.0,1.0,0.0,0.0
2430107373,0.0,0.0,1.0,0.0
2430120922,0.0,1.0,0.0,0.0
2430132242,0.5,0.5,0.0,0.0
2430149483,1.0,4.723878e-23,0.0,5.6942325e-16
2430149783,1.009e-42,1.0,7.7394374e-31,0.0
2430149842,0.0,1.0,5.2e-44,0.0
2430152152,0.0,1.0,5.0938034e-38,1.948e-42
2430156432,0.0,1.0,0.0,0.0
2430156902,0.0,1.0,6.182561e-28,9.922765e-35
2430166882,0.0,1.0,2.925e-42,0.0
2430175082,5.0126996e-34,1.0,3.041e-42,0.0
2430180142,0.0,1.0,0.0,0.0
2430182622,0.0,1.0,2.0365764e-21,3.3467704e-31
2430182692,8.735778e-30,1.0,2.276638e-39,7.420193e-35
2430185162,0.0,1.0,0.0,0.0
2430186442,0.33333334,0.6666667,8.7493665e-16,9.6835586e-18
2430190002,0.0,1.0,0.0,0.0
2430215162,1.30823e-23,1.0,3.4268845e-25,1.5851002e-27
2430215172,0.0,0.0,1.0,0.0
2430215182,0.5,0.5,1.9679464e-27,6.566039e-30
2430215192,1.67906e-35,1.0,5.4353207e-24,1.6666796e-28
2430215202,0.0,0.0,1.0,5.87e-43
2430215282,8.015294e-39,1.0,1.15265e-40,0.0
2430219882,1.03e-42,1.0,5.0392e-41,0.0
2430231332,0.0,1.0,0.0,0.0
2430231562,0.5,0.5,1.4953877e-21,3.678949e-29
2430231573,0.0,1.0,0.0,0.0
2430231583,0.0,1.0,0.0,0.0
2430232482,1e-45,1.0,4e-45,0.0
2430235743,0.0,0.5,0.5,0.0
2430269732,3.4e-44,1.0,1.024e-41,0.0
2430269883,0.0,1.0,0.0,9.918e-41
2430279392,5.2363497e-37,1.0,0.0,0.0
2430281272,0.0,1.0,0.0,0.0
2430281932,0.0,1.0,7.027424e-25,8.205146e-33
2430304182,0.0,1.0,8.87045e-27,8.8604666e-36
2430306733,9.620608e-14,1.0,8.615865e-22,7.0320814e-17
2430314662,3e-45,1.0,5.9214254e-20,0.0
2430323663,0.0,0.0,1.0,0.0
2430341053,0.0,0.0,1.0,0.0
2430341843,2.99253e-40,1.0,1.193393e-36,0.0
2430360692,0.0,1.0,8.9981995e-24,1.5994282e-38
2430368042,0.0,1.0,0.0,0.0
2430378782,2.0099e-41,1.0,2.707378e-35,0.0
2430382882,0.0,1.0,1e-45,1.236e-42
2430401062,1.0,0.0,4.8391273e-34,0.0
2430411422,1.9163204e-28,1.0,3.3529305e-23,7e-45
2430413382,4.884634e-29,1.0,0.0,3.1772734e-33
2430432123,0.6,0.2,0.2,0.0
2430432293,7.0040137e-38,1.0,2.3439468e-17,6.560934e-32
2430434302,7.4382853e-17,1.0,1.9938517e-28,1.4825668e-32
2430440632,0.0,1.0,1.5451063e-38,1e-44
2430440642,0.0,0.0,1.0,0.0
2430440752,0.0,1.0,6.3916285e-28,1.44097e-40
2430440872,7.4343993e-32,1.0,2.699e-41,1.8266178e-31
2430441233,1.198615e-39,1.0,2.3955283e-30,1.3683018e-33
2430455603,7.476768e-19,1.0,8.6044515e-21,4.781389e-31
2430455613,1.00255504e-23,1.0,2.6608092e-22,0.0
2440001572,1.0,0.0,0.0,0.0
2440003262,2.487811e-16,1.0,6.5698035e-16,0.0
2440022513,1.1175016e-13,1.0,5.545727e-15,2.6920694e-19
2440044402,0.0,1.0,0.0,0.0
2440060322,6.34023e-22,1.0,1.1689304e-28,4.802295e-38
2440072192,3.468355e-32,1.0,1.0291937e-17,2.870513e-24
2440083022,4.274428e-23,1.0,2.2431673e-20,6.803597e-29
2440083233,0.0,1.0,0.0,0.0
2440083892,1.5926098e-27,1.0,4.701359e-27,6.5865883e-29
2440101722,0.0,1.0,0.0,0.0
2440129103,3.6333778e-24,1.0,3.2520234e-16,3.577612e-19
2440148013,0.0,0.0,1.0,0.0
2440166072,0.0,1.0,0.0,0.0
2440177782,0.33333334,0.6666667,4.6554806e-23,2.272918e-32
2440178993,0.0,0.0,1.0,0.0
2440192373,2.622396e-30,1.0,8.356112e-23,3.1837352e-21
2440201692,0.0,1.0,9.300292e-29,1.16884434e-26
2440214292,5.7742067e-26,1.0,0.0,7.727723e-24
2440224732,0.25,0.5,0.0,0.25
2440247662,3e-45,1.0,2.666427e-38,0.0
2440260052,1.2114115e-18,1.0,4e-42,4.1761476e-24
2440260193,9.902733e-33,1.0,0.0,3.57971e-34
2440260203,1.4809133e-36,1.0,7.647136e-32,1.9033901e-34
2440261452,0.0,1.0,0.0,0.0
2440273723,0.0,1.0,3.5007493e-24,0.0
2440273823,1.3687553e-34,1.0,2.0443399e-33,0.0
2440302392,0.0,1.0,0.0,0.0
2440309333,0.0,1.0,2.748e-42,0.0
2440309963,0.0,1.0,0.0,0.0
2440314082,0.0,0.0,1.0,0.0
2440336582,0.0,0.0,0.0,1.0
2440337082,0.0,1.0,0.0,0.0
2440348633,0.0,1.0,6e-44,0.0
2440348643,0.5,0.5,1.8147757e-21,1.29417e-20
2440366783,2.3412098e-34,1.0,2.0050669e-25,0.0
2440410472,0.0,1.0,0.0,0.0
2440459983,1.8e-44,1.0,1.4e-44,0.0
2440460003,1.9660459e-32,1.0,0.0,1.3373e-41
2440460032,0.0,0.0,1.0,0.0
2440460043,1.0,0.0,0.0,0.0
2440550262,4.330386e-19,1.0,3.2474706e-18,3.4222905e-19
2510049812,0.0,1.0,0.0,0.0
2510096382,0.0,1.0,0.0,5.7e-44
2510122762,0.0,1.0,0.0,0.0
2510185563,1e-45,1.0,2.319e-42,0.0
2510217833,0.0,1.0,0.0,0.0
2510222253,2.358232e-26,1.0,1.0993546e-29,3.42637e-40
2510330583,0.0,0.0,1.0,0.0
2510354132,0.0,1.0,0.0,9.724e-42
2520008153,0.0,1.0,8.280476e-35,0.0
2520037763,5.9081903e-29,1.0,2.4552528e-12,2.2387212e-19
2520037773,1.0095259e-32,1.0,1.2038517e-23,1.9148358e-34
2520037783,1.0,0.0,0.0,0.0
2520038172,1.3766504e-21,1.0,3.0914815e-23,5.4490565e-37
2520038342,0.0,1.0,2.187e-42,1.206429e-36
2520062032,0.5,0.0,0.5,0.0
2520062052,0.0,1.0,0.0,0.0
2520066973,0.0,0.0,1.0,4.0539503e-24
2520079683,0.0,1.0,2.868373e-38,2.52e-43
2520079692,6.920589e-39,1.0,0.0,1.795e-41
2520080903,4.8675073e-17,1.0,1.0059971e-10,2.7008731e-25
2520080913,7.977328e-26,1.0,2.89314e-22,3.796333e-39
2520087493,0.0,1.0,2.8009897e-21,5.479039e-26
2520102532,4.3e-44,1.0,1.92e-43,0.0
2520103743,0.0,1.0,7.1e-44,1.5484e-41
2520113562,0.0,1.0,0.0,0.0
2520113573,1.0,0.0,0.0,0.0
2520113582,2.1839345e-14,0.6666667,0.33333334,3.7516565e-17
2520115212,0.0,0.0,1.0,0.0
2520130442,0.0,0.0,1.0,0.0
2520142262,6.267e-42,0.5,0.5,2.4157375e-33
2520178512,0.0,1.0,0.0,6.6e-44
2520179593,0.33333334,0.33333334,0.33333334,2.1358759e-18
2520180252,0.0,1.0,0.0,0.0
2520185443,0.0,1.0,0.0,0.0
2520200032,0.0,1.0,6.046508e-29,2.7381215e-35
2520239232,0.0,1.0,5.9467864e-22,1.655435e-25
2520333172,0.0,1.0,0.0,0.0
2520338332,2.696982e-39,1.0,2.5135778e-30,0.0
2520378862,1.2700813e-15,0.5,0.5,1.8056701e-18
2520499433,3.8746852e-16,0.9999943,5.7645075e-06,1.950358e-17
2520554813,1.0510215e-20,1.0,2.6544861e-17,1.2641391e-25
2520554833,0.33333334,0.6666667,0.0,0.0
2520593073,0.0,1.0,0.0,0.0
2520620013,0.0,1.0,2.0648555e-21,1.5443174e-22
2520620023,2.401194e-28,1.0,1.0826484e-38,0.0
2520679082,3.443558e-24,1.0,2.7641034e-19,6.83351e-24
2610003833,0.0,1.0,1.4e-44,0.0
2610010992,7.2314776e-22,1.0,4.337757e-38,1.4324499e-23
2610023253,0.0,1.0,3.9908123e-23,7.3768576e-31
2610648533,0.0,0.0,0.0,1.0
2610862152,0.0,1.0,0.0,0.0
2710010892,2.975e-42,1.0,1.12223e-40,0.0
2710010982,0.0,1.0,0.0,0.0
2830059033,1.0,0.0,0.0,0.0
2830059982,4.392832e-35,1.0,3.79074e-38,0.0
2830060712,3.517761e-21,1.0,4.1304416e-23,0.0
2830061663,0.33333334,0.6666667,7.852977e-13,0.0
2830061673,0.0,1.0,1.2219713e-24,0.0
2830061713,0.5,0.5,3.81815e-15,1.6367075e-36
2830073763,3.403259e-26,1.0,0.0,1.6233353e-28
2830088363,1.0,0.0,0.0,0.0
2830088393,5.3497274e-07,0.9999995,2.331692e-39,7.867608e-17
2830092882,3.6408772e-38,1.0,2.915458e-29,1e-45
2830092932,5.43027e-40,1.0,0.0,1.290704e-39
2830115343,0.25,0.5,0.25,4.4162997e-24
2830122033,8.56e-42,1.0,9.498146e-34,5.217482e-24
2830141973,0.0,1.0,0.0,3.0784647e-36
2830161773,0.25,0.75,3.2813315e-08,4.6068174e-15
2830189663,0.0,0.0,1.0,0.0
2830192803,0.0,1.0,0.0,0.0
2830192823,0.33333334,0.6666667,1.0223871e-26,0.0
2830215213,9.3822654e-23,1.0,4.8891335e-16,3.063684e-26
2830219662,0.0,1.0,0.0,0.0
2840047123,0.0,0.0,1.0,0.0
2940009473,0.0,1.0,0.0,0.0
3110121362,0.0,1.0,0.0,0.0
3110216873,0.0,0.0,0.0,1.0
3110218312,0.0,0.0,0.0,1.0
3110271062,0.0,0.0,0.0,1.0
3110291362,0.0,1.0,5.252736e-29,4.6137187e-29
3110297692,0.0,0.0,0.0,1.0
3110392953,1.2098095e-22,0.5,8.097609e-26,0.5
3110393282,0.0,1.0,0.0,0.0
3110444022,0.0,0.0,0.0,1.0
3110503733,0.0,1.0,0.0,0.0
3110503862,1.098343e-39,9.91109e-32,4.40549e-40,1.0
3110503923,0.0,1.0,0.0,0.0
3110505772,0.0,0.0,1.0,0.0
3110505812,4.9414575e-22,1.6957209e-35,7.4360783e-38,1.0
3110701252,0.0,0.5,0.5,0.0
3120011912,7.955251e-25,1.0,7.795413e-30,1.2090677e-23
3120018132,3.5e-44,1.0,9.806e-42,0.0
3120022063,0.0,1.0,2.5664717e-29,4.6983682e-36
3120029362,0.0,1.0,0.0,0.0
3120033243,1.60243e-40,1.0,1.664824e-16,0.0
3120047852,0.0,1.0,7.053e-42,0.0
3120066572,9.461209e-37,1.0,0.0,6.1059665e-35
3120077592,3.3971644e-25,1.0,7.086544e-39,6.986087e-29
3120078093,0.0,1.0,4.2591115e-26,6.9241e-40
3120095252,4.12317e-40,1.0,1.3197337e-33,0.0
3120103772,2.7036184e-37,1.0,2.0152e-41,0.0
3120122883,0.0,1.0,0.0,0.0
3120128063,1.0,0.0,0.0,0.0
3120128853,0.0,1.0,0.0,0.0
3120129522,1.0,0.0,0.0,0.0
3120147883,1.0,8.3222e-41,0.0,1.8406657e-21
3120384652,0.0,1.0,3.2199906e-11,0.0
3120385802,0.0,1.0,0.0,0.0
3120391892,0.0,1.0,0.0,0.0
3120392992,1.15e-43,1.0,1.5675893e-20,2.552654e-20
3120405862,0.0,1.0,0.0,0.0
3120406572,0.0,1.0,2.1e-44,7e-45
3120406672,9.2e-44,1.0,9.75678e-21,0.0
3120473162,3.5742047e-30,1.0,1e-44,4.82e-43
3120478402,0.0,1.0,0.0,0.0
3120498532,0.0,1.0,4.0826444e-32,3.371109e-35
3120505582,1.808553e-24,1.0,1.7457903e-38,5.298056e-26
3120520462,7.107475e-23,1.0,0.0,5.184819e-26
3120523712,0.0,1.0,1.39011e-39,0.0
3120523772,3.2857362e-22,1.0,1.2803433e-36,5.013824e-28
3120539933,0.0,0.5,0.5,0.0
3120540053,0.0,1.0,0.0,1.4678787e-25
3120557742,1e-44,1.0,0.0,0.0
3120567142,1.7935989e-31,1.0,1.577595e-16,1.4640302e-34
3120572732,9.5e-44,1.0,1.8850994e-21,0.0
3120601283,0.0,1.0,0.0,0.0
3120626313,0.0,1.0,4.95345e-40,0.0
3120680662,1.2108669e-32,1.0,1.3464258e-25,3.6372613e-19
3120687292,0.0,1.0,1.0109e-40,4.6605962e-36
3120871962,3.641305e-32,1.0,5.5995417e-34,0.0
3121156152,0.0,1.0,0.0,0.0
3121385772,0.5,0.0,0.0,0.5
3121887562,1.0,0.0,0.0,0.0
3122014202,2.26374e-40,1.0,0.0,4.753155e-35
3122033242,0.0,1.0,1.0550223e-38,0.0
3130053242,1.5350628e-27,1.0,1.8180085e-27,0.0
3130232442,0.0,1.0,1.4733529e-34,0.0
3130983863,0.0,1.0,5.8630216e-38,3.419135e-33
3131012802,0.0,1.0,0.0,0.0
3131024843,0.5,0.5,0.0,0.0
3131169262,1.0,0.0,0.0,0.0
3131281782,0.0,1.0,2.8051e-41,7.642272e-38
3131381512,1.119565e-33,1.0,0.0,1.5213055e-34
3210310173,0.0,0.0,0.0,1.0
3210332032,0.0,0.0,0.0,1.0
3210346223,0.0,2.5375857e-23,1.0,0.0
3210349982,0.0,1.0,2.2862302e-30,0.0
3210359603,0.0,0.0,0.0,1.0
3210387573,0.0,1.9538844e-29,0.0,1.0
3220043772,0.0,1.0,0.0,0.0
3220161283,0.0,0.0,0.5,0.5
3220183892,0.0,1.0,0.0,0.0
3220190992,0.0,0.0,1.0,0.0
3220357273,0.2,0.6,0.2,0.0
3220418062,8.098548e-15,1.0,7.9984e-22,8.664365e-18
3220421732,1.2578308e-31,1.0,1.484104e-27,0.0
3220432372,5.828073e-25,1.0,4.617793e-26,6.9113253e-25
3220436192,0.0,1.0,0.0,0.0
3220438652,0.0,1.0,1.01e-43,0.0
3220438813,0.0,1.0,0.0,0.0
3220438853,0.0,0.6666667,0.33333334,0.0
3220438873,0.0,0.5,0.5,4.368538e-23
3220479712,4.2808698e-35,1.0,3.8062393e-33,0.0
3220484042,8.017801e-39,1.0,0.0,1.7025045e-38
3220484382,0.0,1.0,0.0,0.0
3220493713,0.07692308,0.9230769,0.0,0.0
3220509363,0.75,0.25,2.946179e-17,2.812973e-22
3220586683,0.0,1.0,0.0,0.0
3220589233,0.2,0.6,0.2,3.2450194e-24
3220598173,1.0664945e-37,1.0,8.792115e-29,1.2045e-40
3220620962,0.0,1.0,2.3176082e-27,0.0
3220632283,0.2,0.6,0.2,0.0
3310011463,0.0,1.0,4.971989e-39,5.782317e-34
3310015943,0.33333334,0.33333334,5.8566e-41,0.33333334
3310084193,0.0,0.0,1.0,0.0
3310084253,4.1052253e-13,0.33333334,0.33333334,0.33333334
3310245672,0.0,1.0,0.0,0.0
3310254062,1.0650744e-24,1.0,5.5249126e-21,1.3822185e-20
3310335463,0.0,0.0,1.0,0.0
3310336453,0.0,1.0,0.0,0.0
3310341183,0.0,1.0,0.0,0.0
3310341303,0.0,1.0,0.0,0.0
3310672413,0.0,0.0,0.0,1.0
3310947002,3.598736e-34,0.99999994,8.427052e-08,2.4383129e-15
3310978512,5.2502934e-36,1.0,2.36723e-40,0.0
3311269062,3.46621e-40,1.0,0.0,0.0
3311353493,0.125,0.125,0.125,0.625
3311422922,0.0,0.0,0.0,1.0
3311648132,0.0,1.0,0.0,0.0
3311653482,0.0,1.0,0.0,0.0
3320000032,0.0,1.0,0.0,0.0
3420000132,0.0,1.0,2.4803255e-38,3.1534409e-31
3420044672,0.0,1.0,0.0,1.7785692e-38
3420059213,0.0,0.75,0.0,0.25
3510136202,0.0,1.0,9.767134e-33,7.3333188e-34
3510176963,8.853e-42,1.0,4.073182e-39,0.0
3510476873,0.0,1.0,0.0,0.0
3510542092,0.0,0.5,0.5,0.0
3510682482,0.0,1.0,0.0,0.0
3510739553,1.0,0.0,0.0,0.0
3510759422,0.0,0.0,1.0,0.0
3510776452,0.0,0.0,0.0,1.0
3510793322,0.0,0.0,0.0,1.0
3510828082,0.0,0.0,1.0,0.0
3510947902,0.0,1.0,0.0,0.0
3510947922,0.0,1.0,0.0,0.0
3510953522,0.0,7.543703e-39,1.0,2.2855453e-34
3510982562,0.0,0.0,1.0,0.0
3510983502,0.0,0.0,6.9e-44,1.0
3510991152,0.0,1.0,0.0,0.0
3511001292,5.892e-42,1.2066116e-31,0.0,1.0
3511006532,0.0,0.0,1.0,3.6526685e-26
3511069482,0.0,0.0,0.0,1.0
3511070513,0.0,0.0,1.0,0.0
3511110222,0.0,0.0,1.0,0.0
3511146012,0.0,1.0,0.0,0.0
3511153152,0.0,0.0,1.0,0.0
3511170892,7.312984e-21,0.0,3.2888318e-23,1.0
3511197482,0.0,0.0,1.0,0.0
3511251802,0.0,0.0,1.0,0.0
3511265642,0.0,1.0,0.0,0.0
3511310752,0.0,0.0,1.0,0.0
3511321032,0.0,0.0,0.0,1.0
3511357182,0.0,0.0,1.0,0.0
3511371932,0.0,0.0,0.0,1.0
3511376432,0.0,2.1e-44,1.0,0.0
3511549682,0.0,0.0,0.0,1.0
3511551452,0.0,0.0,1.1755e-41,1.0
3511556242,0.0,1.0,0.0,0.0
3511559212,0.0,0.0,0.0,1.0
3511570732,0.0,0.0,0.0,1.0
3511580162,0.0,0.0,0.0,1.0
3511583732,0.0,0.0,0.0,1.0
3511688602,0.5,0.0,0.0,0.5
3511694922,0.0,0.0,0.0,1.0
3511702072,0.0,0.0,0.0,1.0
3511702202,0.0,0.0,0.0,1.0
3530091932,0.0,0.5,0.5,0.0
3540100433,1.0,0.0,0.0,0.0
3540101083,0.0,0.0,1.0,0.0
3540377992,0.0,1.0,3.974187e-18,4.4862254e-21
3540385913,0.0,1.0,0.0,0.0
3540435442,1.0,0.0,0.0,0.0
3540435492,0.0,1.0,0.0,0.0
3540530093,0.33333334,0.0,0.0,0.6666667
3610009182,2.821474e-20,1.0,1.7591085e-24,1.1013e-41
3610014392,0.0,1.0,3.0009e-41,7e-45
3610015842,6.1214304e-27,1.0,4.4379244e-26,3.6004523e-37
3610016082,0.0,1.0,4.9802314e-30,5.348452e-38
3610016552,0.0,1.0,9.26e-43,0.0
3610018753,5.8541976e-22,1.0,2.2071362e-24,5.3045704e-25
3610019913,0.33333334,0.0,0.6666667,0.0
3610020002,0.0,1.0,3.6952e-40,0.0
3610020032,3.9310776e-31,1.0,3.913123e-24,1.609112e-25
3610020603,1.9696764e-17,1.0,1.1853761e-18,4.2679986e-20
3610020693,0.0,1.0,0.0,0.0
3610020732,2.42e-43,1.0,3.4994844e-25,1.0964e-41
4110003872,0.5,0.5,0.0,0.0
4110023132,0.0,0.5,0.0,0.5
4130049563,0.0,1.0,4.6529174e-38,2.5833e-41
4130049733,0.5,0.5,0.0,0.0
4210006362,0.0,1.0,0.0,0.0
4220000672,0.5,0.5,3.0111535e-24,2.3106265e-31
4220034482,0.0,1.0,5.727295e-22,2.452356e-37
4220038063,2.3444493e-23,1.0,1.2910732e-38,4.36e-43
4220044573,1.0714972e-31,1.0,3.173415e-37,0.0
4220046972,0.0,1.0,1.14822665e-36,0.0
4220050752,0.0,1.0,4.597501e-37,0.0
4220092222,0.0,1.0,1e-44,0.0
4220096262,4.1102794e-21,1.0,0.0,1.7984227e-23
4220108642,1.7216604e-30,1.0,1.6422868e-38,7.05161e-40
4220109932,1.4754759e-38,1.0,7.8497326e-35,2.0424736e-36
4220147393,0.0,1.0,0.0,0.0
4220147802,2.7382193e-37,1.0,1.0386338e-28,0.0
4220157453,2.9491355e-26,0.33333334,0.6666667,5.709275e-18
4220157553,0.0,0.0,0.0,1.0
4220177333,0.0,0.0,0.0,1.0
4220201853,0.0,0.0,0.0,1.0
4220201902,0.0,0.0,0.0,1.0
4240026892,8.354293e-31,1.0,2.236e-42,0.0
4240037933,0.0,1.0,0.0,0.0
4240072063,0.0,0.0,1.0,0.0
4240072343,0.0,1.0,0.0,0.0
4240076723,0.0,1.0,0.0,0.0
4240085763,0.0,1.0,0.0,0.0
4310018012,0.0,1.0,0.0,0.0
4310025392,0.0,4.8696237e-35,0.0,1.0
4320000782,7.245095e-18,1.0,4.902464e-32,1.4838638e-20
4320001003,2.0653313e-33,1.0,6.578377e-32,9.3732994e-38
4320068453,0.0,0.0,1.0,0.0
4320069933,3.2591674e-32,1.0,0.0,2.2790059e-35
4320078173,8.75094e-40,1.0,0.0,0.0
4340065462,0.0,1.0,5.9955506e-26,4.5430224e-36
4340204363,0.0,1.0,0.0,0.0
4340204393,1.6907267e-29,1.0,1.5648568e-33,0.0
4340270623,0.0,1.0,0.0,0.0
4340276603,0.0,1.0,0.0,0.0
4340299353,0.0,1.0,0.0,0.0
4340299372,0.0,1.0,0.0,0.0
4340328142,9.063295e-27,1.0,1.618211e-34,4.941465e-34
4340432853,0.0,1.0,0.0,0.0
4340445293,0.0,1.0,0.0,0.0
4340475802,1.0,0.0,0.0,0.0
4340477003,0.5,0.0,0.0,0.5
4340546772,0.0,1.0,0.0,0.0
4340622852,1.0,0.0,0.0,0.0
4340623112,7.33317e-39,0.0,0.0,1.0
4340623293,0.5,0.0,0.0,0.5
4340669812,0.5,0.0,2.2864468e-36,0.5
4340680303,0.0,0.5,0.5,0.0
4340709403,1.0,0.0,0.0,0.0
4340844363,1.0,0.0,0.0,0.0
4340860263,0.0,1.0,0.0,0.0
4340860912,0.0,0.0,1.0,0.0
4340861122,0.0,1.0,2.1122286e-31,3.8e-44
4340861563,1.286143e-39,0.0,1.0,6.69179e-40
4340861573,0.0,1.0,0.0,0.0
4340964753,1.22501965e-23,1.0,0.0,0.0
4340964773,1.0,0.0,0.0,0.0
4350013953,0.0,1.0,5.9013914e-38,3.9491456e-33
4350030352,0.0,0.0,0.0,1.0
4350082943,0.0,1.0,0.0,0.0
4350083013,0.0,1.0,0.0,0.0
4350115813,0.0,0.0,1.0,0.0
4360031383,0.0,1.0,3.267056e-34,0.0
4360081742,0.0,0.0,1.0,0.0
4360264243,0.0,0.0,1.0,0.0
4410022563,0.0,1.0,0.0,0.0
4420000352,0.0,1.0,0.0,0.0
4420024363,0.0,0.0,1.0,0.0
4420129413,0.0,1.0,6.3566775e-31,0.0
4420130043,0.0,1.0,5.22181e-26,3.2572636e-38
4430032752,0.0,1.0,0.0,0.0
4440007103,0.0,1.0,0.0,0.0
4440046642,0.0,1.0,0.0,0.0
4440057693,0.0,1.0,0.0,0.0
4450006332,0.0,1.0,0.0,0.0
4450026722,0.0,0.0,1.0,0.0
4520054923,0.0,1.0,0.0,0.0
4520056353,2.886078e-12,1.0,1.0077402e-15,5.8013774e-26
4520104473,1.0,0.0,0.0,0.0
4520174233,7.414512e-30,1.0,2.6319818e-24,7.525235e-25
4520318083,0.0,1.0,0.0,0.0
4520321112,4.925054e-08,1.0,5.283712e-19,6.176072e-15
4520506872,0.0,0.0,0.0,1.0
4520537123,0.0,1.0,0.0,0.0
4530088623,1.0,0.0,0.0,0.0
4530106663,1.0,0.0,0.0,0.0
4530132153,0.0,1.0,0.0,0.0
4530154843,7.17052e-35,1.0,5.866612e-24,1.2330519e-26
4530185723,0.0,1.0,0.0,0.0
4530185793,0.0,1.0,1.18121e-40,0.0
4530247173,0.0,1.0,1.23542225e-33,2.346e-42
4530322212,0.0,1.0,0.0,0.0
4530347283,0.0,0.0,0.5,0.5
4530481472,0.0,1.0,0.0,0.0
4530487643,8.008157e-28,1.0,6.191361e-29,0.0
4530612753,1.0,3.7224713e-31,2.9267965e-25,0.0
4530657533,4.813338e-10,0.0,0.0,1.0
4530661893,0.0,2.9179696e-31,1.0,0.0
4530662143,0.0,8.1470966e-27,1.0,0.0
4540010073,0.0,1.0,0.0,0.0
4540027783,0.0,0.0,1.0,0.0
4540042523,0.0,1.0,0.0,0.0
4550051802,0.0,1.0,0.0,0.0
4550096182,0.0,1.0,0.0,0.0
4560009422,0.0,1.0,0.0,0.0
4560016383,0.0,1.0,0.0,0.0
4560038452,0.0,1.0,3e-45,0.0
4560038982,2.0170135e-38,1.0,5.2329045e-26,0.0
4560041012,6.019098e-37,1.0,1.7662714e-22,2.948549e-39
4560042003,7.136105e-22,1.0,6.408695e-25,3.4471775e-21
4580004952,0.0,1.0,0.0,0.0
4580021702,1.0,0.0,0.0,0.0
4580035352,0.0,0.0,1.0,0.0
4580051292,0.0,1.0,0.0,0.0
4610009282,3.4075565e-32,1.0,3.6755077e-23,7.438044e-33
4610032402,0.0,1.0,1e-45,0.0
4610033562,0.0,1.0,0.0,0.0
4610055042,0.5,0.5,4.579815e-37,0.0
4610055052,2.2194e-41,0.0,1.0,5.941574e-21
4610057062,0.33333334,0.6666667,3.2242403e-12,1.3571954e-17
4620005313,1.9764417e-16,1.0,1.493428e-17,1.8992825e-17
4620014182,6.709101e-26,1.0,1.8941588e-18,1.626599e-27
4620022352,0.0,0.0,1.0,0.0
4620022872,3.4092342e-27,1.0,1.0938378e-35,6.498019e-39
4620033793,0.0,1.0,0.0,0.0
4620036363,1.3423e-41,1.0,0.0,0.0
4620036843,1.0,0.0,7.7e-44,0.0
4630002392,0.0,1.0,1.68e-43,0.0
4630005273,1.6733421e-21,1.0,5.1427034e-16,1.9656192e-21
4630008512,1.0,0.0,0.0,0.0
4630024492,0.18181819,0.8181819,0.0,0.0
4630059582,2.3644354e-36,1.0,2e-44,0.0
4630060642,0.0,1.0,0.0,0.0
4820000422,0.0,1.0,1e-45,0.0
4820005582,1.1273477e-33,1.0,1.854173e-39,0.0
4820007362,0.0,1.0,6.488436e-38,0.0
4820011732,0.0,1.0,0.0,0.0
4820016053,0.0,1.0,1.8600861e-26,3.4122512e-28
4820026673,5.869131e-35,1.0,1.1112912e-19,4.677208e-28
4820040032,5.2267813e-33,1.0,9.440574e-25,0.0
4820045282,1.0117682e-38,1.0,0.0,0.0
4830000563,1.2516e-41,1.0,9.9624e-41,0.0
4830001563,0.0,1.0,3.574802e-39,0.0
4830001963,0.0,1.0,4e-45,0.0
4830002862,3.8406648e-12,1.0,8.5898716e-14,1.4374113e-20
4830003512,2.3904638e-36,1.0,0.0,1.6741e-41
4830009082,1.3561807e-37,0.9999999,1.09492824e-07,6.2823125e-37
4830014152,0.0,1.0,4.768874e-39,0.0
4910000012,0.0,1.0,0.0,0.0
4910001862,0.0,1.0,0.0,0.0
4910002233,0.0,1.0,2.02e-43,0.0
4910004042,4.9168696e-19,1.0,1.9073203e-25,1.8111903e-24
4910004652,1.7409358e-33,1.0,2.8182669e-36,0.0
4910007842,0.0,1.0,0.0,0.0
4910007982,0.0,0.0,1.0,0.0
4910008103,0.0,0.0,1.0,0.0
4910011242,0.0,1.0,0.0,0.0
4910011482,2.9525692e-38,1.0,0.0,1.06e-43
4910015152,0.0,1.0,7.3e-44,0.0
4910017642,0.0,1.0,3.97035e-40,0.0
4910019542,0.0,1.0,0.0,0.0
4910020512,4.044e-42,1.0,8.1955295e-36,2.19925e-40
4910020542,0.0,1.0,5.394306e-24,1.1047019e-29
4910021003,0.0,1.0,0.0,0.0
4910024042,0.0,1.0,5.2861564e-32,0.0
4910025482,2.078e-42,1.0,2.5451454e-32,0.0
4910026052,1.3325479e-25,1.0,0.0,5.952707e-26
4910029022,0.0,1.0,0.0,0.0
4910032392,9.4e-43,1.0,5.2497555e-35,0.0
4910033142,0.0,1.0,6e-45,0.0
4910033193,4.480382e-19,1.0,2.1213252e-27,1.2706838e-20
4910033242,0.0,1.0,0.0,0.0
4910034873,0.0,1.0,0.0,0.0
4910036272,0.0,1.0,0.0,0.0
4910036662,1.8713749e-25,1.0,5.6451474e-16,0.0
4910036843,0.0,1.0,0.0,0.0
4910036923,1.2903183e-25,1.0,1.5520708e-22,5.504334e-35
4910040982,0.0,1.0,2.6131437e-34,1.899738e-30
4910048032,0.0,1.0,1.5e-44,0.0
4920000142,7.392567e-26,1.0,2.9506865e-32,2.8103868e-36
4920011382,1.7607284e-19,1.0,1.6113552e-19,9.955532e-23
4920015862,0.0,1.0,0.0,0.0
4920016552,0.0,1.0,0.0,0.0
4920020112,0.0,1.0,0.0,3.653e-42
4920025052,1.6724936e-21,0.999998,2.0264326e-06,5.266164e-26
4920037722,0.0,1.0,1.103895e-39,0.0
4920072193,6.5573593e-31,1.0,0.0,2.8996076e-37
4920074422,0.0,1.0,3.225645e-34,1.8361992e-35
4920074612,1.477e-42,1.0,1.2473842e-33,0.0
4920076602,7.186592e-31,1.0,5.2780684e-35,0.0
4920079192,1.023827e-31,1.0,7.186484e-38,2.6422495e-29
4920079922,2.9446333e-27,1.0,1.17023366e-23,0.0
4920080792,1.0,0.0,0.0,0.0
4920081352,7.13e-43,1.0,1.4e-44,0.0
4920081472,4.6e-44,1.0,1.4e-44,0.0
4920081582,0.0,1.0,7.334456e-32,3.5324e-41
4920081662,1.0,0.0,0.0,0.0
4920083432,2.276672e-32,1.0,4.8e-44,3.1e-44
4920093492,0.0,1.0,0.0,0.0
5110011512,0.0,1.0,2.4240016e-34,3.41e-42
5310046543,0.0,1.0,0.0,0.0
5310050162,0.0,1.0,0.0,0.0
5610002942,0.0,0.0,1.0,0.0
5610010242,0.0,0.0,1.0,0.0
5610039703,0.0,1.0,0.0,0.0
5610074512,0.0,0.0,0.0,1.0
5620013993,0.0,0.0,1.0,0.0
5630012932,1.43e-43,1.0,1.1e-44,0.0
5630030032,0.0,0.0,1.0,0.0
5630034093,0.0,0.0,1.0,0.0
5630036173,1.0,0.0,0.0,0.0
5630072442,0.0,1.0,0.0,0.0
5640001733,0.0,0.0,1.0,0.0
5710000532,0.0,1.0,0.0,0.0
5710004693,1.3438534e-20,1.0,8.290578e-23,2.263336e-25
5710007353,0.0,0.0,0.0,1.0
5720005972,0.0,0.0,0.0,1.0
5720006083,0.0,1.0,0.0,0.0
5720011253,3.2063874e-32,1.0,1.1751383e-35,9.569552e-31
6120000042,0.0,1.0,0.0,0.0
6120004883,0.0,1.0,0.0,0.0
6120016882,0.5,0.5,4.728558e-33,1.8429089e-31
6120029222,7.5797747e-35,0.0,1.0,0.0
6120039543,0.0,0.0,1.0,1.02e-43
6120058162,5.335125e-38,1.0,2.9817481e-16,0.0
6130002862,0.0,0.0,1.0,0.0
6130004092,0.0,0.0,1.0,0.0
6130019142,0.0,1.0,0.0,0.0
6130026602,0.0,1.0,0.0,0.0
6150098723,3e-45,1.0,4.0281205e-36,0.0
6150109662,0.0,1.0,8.598e-41,0.0
6220048622,0.0,1.0,0.0,0.0
6220178832,2.4592e-40,1.0,6.13403e-40,0.0
6220179252,0.0,1.0,0.0,0.0
6220179472,0.0,1.0,1.14909e-40,0.0
6220184472,0.0,1.0,6e-45,0.0
6220191302,0.0,1.0,1.1675143e-37,0.0
6220203722,0.5,0.5,2.272901e-26,9.414535e-30
6220206322,0.0,1.0,0.0,0.0
6220210392,0.0,0.5,0.5,0.0
6220306073,0.0,1.0,0.0,9.9616115e-33
6220321573,0.0,0.0,0.0,1.0
6220351863,0.0,3.0313722e-32,0.0,1.0
6220352143,0.0,0.0,0.0,1.0
6220352313,0.0,0.0,0.0,1.0
6220353953,0.0,0.0,0.0,1.0
6220382853,0.0,1.04795e-32,1.0,4e-45
6220405973,0.0,1.0,0.0,0.0
6220415592,0.0,1.0,0.0,7.459828e-31
6220416543,0.0,1.0,0.0,0.0
6220432703,0.0,0.0,0.0,1.0
6220434583,0.0,1.6987939e-20,0.0,1.0
6220446683,0.0,0.0,0.0,1.0
6220447003,0.0,0.0,0.0,1.0
6220447132,1.0,0.0,0.0,8.943e-42
6220449422,0.0,1.0,0.0,0.0
6220449453,0.0,0.0,0.0,1.0
6220460253,1.0,0.0,0.0,0.0
6220469253,0.0,0.0,0.0,1.0
6220469702,0.0,0.0,0.0,1.0
6220469862,5.13489e-40,0.0,0.0,1.0
6220471483,0.0,0.0,0.0,1.0
6220471493,0.0,0.0,0.0,1.0
6220503743,1.29e-43,1.0,0.0,0.0
6220503893,0.0,1.0,0.0,0.0
6220505512,0.0,0.0,0.0,1.0
6220506152,0.0,0.0,0.0,1.0
6220506183,1.2515374e-35,0.0,0.0,1.0
6220506272,0.0,0.0,0.0,1.0
6220506363,0.0,0.0,0.0,1.0
6230000133,0.0,1.0,0.0,0.0
6240067663,0.0,0.0,1.0,0.0
6240068023,7.43329e-14,1.0,5.9233907e-35,7.039496e-18
6250004293,0.5,0.0,0.0,0.5
6310010332,0.0,1.0,0.0,0.0
6310043542,5.3852676e-36,0.0,0.0,1.0
6320006943,0.0,0.5,0.5,0.0
6330057553,1.9206823e-28,1.0,0.0,1.5473708e-31
6340032833,0.33333334,0.6666667,4.6584048e-26,3.5783543e-24
6340036243,6.838905e-25,1.0,4.993659e-21,1.7281612e-20
6340036253,0.0,0.0,1.0,0.0
6350041623,0.0,0.0,1.0,0.0
6410011693,0.0,1.0,8.8966005e-37,0.0
6410063612,0.0,1e-45,1.0,0.0
6410063653,0.0,2.6197912e-34,4.69002e-15,1.0
6410063663,0.0,0.0,0.5,0.5
6410150523,2.1001644e-23,1.0,1.5899388e-15,1.9209212e-31
6410181453,0.0,0.0,0.0,1.0
6410206363,0.0,0.0,1.0,0.0
6420083532,0.0,1.0,0.0,0.0
6420084152,0.0,0.0,1.0,0.0
6420084162,0.0,0.0,1.0,0.0
6420086642,0.0,0.0,1.0,0.0
6420115102,0.0,1.0,0.0,0.0
6420124472,0.0,0.0,1.0,0.0
6420163252,0.0,1.0,6.9406044e-16,1.7041268e-33
6420166872,0.0,1.0,0.0,0.0
6420198192,5.915632e-17,1.0,2.6956502e-35,2.734382e-37
6420252653,2.615591e-31,1.0,4.4797257e-29,0.0
6420289992,1.4267144e-36,1.0,2.2e-44,4.2611363e-29
6420297123,0.0,0.0,1.0,0.0
6420321013,1.0,0.0,0.0,0.0
6420321443,0.0,1.0,0.0,0.0
6420321803,0.0,1.0,2.4875583e-28,0.0
6420321833,0.0,1.0,0.0,0.0
6420321843,0.0,1.0,6.4e-43,0.0
6420321853,0.0,1.0,0.0,0.0
6420362692,0.0,1.0,0.0,0.0
6420452233,2.7282432e-28,0.5,0.5,4.492977e-24
6420452243,0.5,0.5,4.383526e-24,8.424861e-28
6420453513,0.0,1.0,0.0,0.0
6420453523,1.0,0.0,0.0,0.0
6420478343,4.2643562e-29,1.0,1.086938e-26,4.3590976e-34
6420513243,1.0,0.0,0.0,0.0
6420513263,0.0,0.0,1.0,0.0
6420513353,4.5446338e-11,1.0,6.0695704e-14,1.6994172e-24
6420513453,2.8886405e-22,1.0,1.0148369e-10,6.958484e-25
6420513583,0.0,1.0,0.0,0.0
6420513593,0.0,0.0,1.0,0.0
6420513633,0.0,1.0,0.0,0.0
6420513643,0.0,1.0,2.1602692e-23,1.5680666e-32
6420530233,0.0,1.0,0.0,0.0
6440011952,8.4e-44,0.5,0.5,8.7855315e-29
6440012322,0.0,1.0,0.0,0.0
6510015472,0.0,1.0,0.0,0.0
6510021102,0.0,1.0,0.0,0.0
6510050002,0.0,1.0,1.3404796e-27,0.0
6510050112,3.8862917e-24,1.0,2.2064478e-26,2.1451136e-35
6510144772,0.0,0.0,1.0,0.0
6510185012,0.0,0.0,1.0,0.0
6510228822,3.3459136e-32,1.0,1.0411003e-25,0.0
6520002383,3.5578816e-37,1.0,1.1690177e-12,3e-45
6520008143,0.0,0.0,1.0,0.0
6530029102,5.586872e-25,1.0,1.8348222e-25,7.948234e-20
6530029232,1.0,0.0,0.0,0.0
6530029323,5.7501507e-17,1.0,8.1037014e-15,1.5706235e-34
6530029383,2.7280793e-12,1.0,2.5038023e-15,7.3395014e-17
6530034913,0.0,1.0,0.0,0.0
6530063023,0.0,1.0,4e-45,0.0
6530063353,0.0,1.0,0.0,0.0
6530063603,0.0,1.0,0.0,0.0
6530064272,1.0352911e-21,1.0,3.1096261e-27,2.8071162e-20
6530064763,0.5,0.49999708,2.94815e-06,3.2906343e-19
6530064943,0.0,1.0,0.0,0.0
6530068812,0.0,1.0,0.0,0.0
6530068853,0.0,1.0,0.0,0.0
6530079823,0.0,7.135028e-36,1.0,0.0
6610029402,0.33333334,0.6666667,9.515795e-18,3.7216775e-26
6610045112,0.0,0.0,1.0,0.0
6610045672,0.0,1.0,0.0,0.0
6610047572,0.0,1.0,0.0,0.0
6610047582,0.0,0.5,0.0,0.5
6610047642,0.0,1.0,0.0,0.0
6610047672,0.0,0.5,0.5,0.0
6610047752,1.2575876e-26,1.0,1.150739e-29,2.86e-43
6610082452,0.0,0.0,1.0,0.0
6610106032,1.0,0.0,0.0,0.0
6610112513,1.730945e-28,1.0,5.402854e-28,5.83367e-25
6610112572,0.0,1.0,2.79e-43,0.0
6610112613,5.9263853e-36,0.5,0.5,2.423428e-39
6610116952,0.0,1.0,5.2391936e-12,0.0
6610125672,0.0,1.0,0.0,0.0
6610125693,4.666799e-25,1.0,1.8984933e-17,7.9018286e-28
6610140672,1.0,0.0,0.0,0.0
6610142963,2.14704e-40,0.0,1.0,0.0
6610147293,0.0,1.0,0.0,0.0
6610151773,5.4746253e-28,1.0,2.8079435e-36,8.2175e-41
6610152183,0.0,1.0,1.654181e-25,3.790384e-35
6610156233,2.4026234e-28,1.0,0.0,5.779734e-35
6620000613,4.1360587e-36,1.0,5.63e-43,0.0
6620002553,0.0,1.0,0.0,0.0
6620005912,0.0,0.0,0.0,1.0
6620015862,0.0,0.0,0.0,1.0
6620015943,0.0,1.0,2.0814637e-28,0.0
6640011942,0.0,1.0,0.0,0.0
6640022782,0.33333334,0.6666667,0.0,0.0
6640025192,2.604e-42,1.0,1.8102315e-33,0.0
6720062533,0.0,0.0,0.0,1.0
6720074062,1.0,0.0,0.0,0.0
7110009662,0.0,1.0,5.183e-42,0.0
7110012843,1.72e-43,1.0,0.0,0.0
7110015792,1.14152074e-17,1.0,6.117874e-22,2.1144856e-19
7110023033,3.78257e-40,1.0,0.0,0.0
7110029983,3.5e-44,1.0,2.3490309e-32,0.0
7110030142,0.0,1.0,0.0,0.0
7110032542,1.32819e-40,1.0,4.5622047e-32,0.0
7110033002,8.0556165e-28,1.0,1.3087213e-30,2.3846397e-32
7110033862,5e-44,1.0,3.66e-43,0.0
7110041312,1.059087e-38,1.0,1.8163661e-34,0.0
7110044292,3.2243312e-22,0.5,0.5,5.320077e-31
7110044502,0.5,0.5,7.753922e-27,2.3237694e-17
7110044512,5.7436297e-25,1.0,2.0337855e-32,0.0
7110045352,3.6848386e-20,1.0,9.6095775e-20,1.3476959e-21
7110057883,5.0287035e-18,1.0,1.8781455e-32,8.37416e-20
7110059603,0.5,0.0,0.5,0.0
7110061752,1.4583245e-21,1.0,1.6493081e-25,1.0938273e-21
7110061762,0.0,0.0,1.0,0.0
7110068332,1.008e-41,1.0,2.0801921e-37,0.0
7110075512,3.5e-44,1.0,3.386e-42,0.0
7110081092,3.104315e-12,1.0,4.687946e-22,9.773489e-17
7110083453,2.6678038e-14,1.0,9.70842e-30,2.808391e-20
7110083502,0.0,1.0,3e-45,0.0
7110084472,7.71663e-36,1.0,6.8473586e-29,0.0
7110084592,0.5,0.5,1.3838808e-24,1.0864266e-26
7110093032,0.0,1.0,6.21701e-31,2.3436e-40
7110106553,1.0,1.4228067e-33,4.216801e-39,6.747056e-29
7110121632,0.0,1.0,0.0,0.0
7110122312,3.3991562e-20,1.0,4.5384103e-38,1.01426503e-22
7110128602,0.0,1.0,0.0,0.0
7110194192,0.0,1.0,0.0,0.0
7110203263,2.6442022e-24,1.0,2.4876375e-33,4.635949e-36
7110207082,0.0,1.0,1.3922341e-30,7.88275e-40
7110214033,0.375,0.375,0.25,0.0
7110224552,0.0,1.0,0.0,0.0
7110254872,4.6e-43,1.0,3.0371186e-21,1.368387e-38
7110284562,4.9320487e-34,1.0,2.3952841e-28,0.0
7110319652,6.610799e-23,1.0,8.424734e-17,2.8023497e-24
7110320632,2.95453e-40,1.0,1e-44,0.0
7110321412,5.8907305e-23,1.0,3.3289538e-18,0.0
7110326402,0.0,1.0,0.0,0.0
7110392082,3.0426066e-34,1.0,0.0,0.0
7110394692,2.4933e-40,1.0,1e-45,0.0
7110409822,4.6982845e-26,1.0,6.613378e-24,0.0
7110410452,1.5784354e-34,1.0,0.0,0.0
7110419992,4.7021934e-26,1.0,9.3820215e-17,1.5379712e-18
7110432502,1.0,0.0,0.0,0.0
7110445002,1.7009574e-12,0.99999714,2.89775e-06,1.6863895e-19
7110445312,0.0,1.0,9.771066e-32,3.4977234e-32
7110461282,1.1921775e-10,0.6666667,0.33333334,5.2180456e-17
7110494132,0.0,1.0,1.162e-42,0.0
7110502092,0.0,1.0,2.3623e-41,6.3e-44
7110505502,0.0,1.0,1.2336662e-32,0.0
7110505612,1e-45,1.0,4.75e-43,0.0
7110516092,1.0,0.0,0.0,0.0
7110516132,0.0,1.0,0.0,0.0
7110570263,1.3079524e-11,0.6666667,0.33333334,1.0589142e-16
7110615092,8.0214277e-35,1.0,0.0,0.0
7110640893,2.02352e-40,1.0,3.0614188e-28,0.0
7110650052,0.0,1.0,8.902487e-34,0.0
7110656882,0.0,0.0,1.0,0.0
7110668962,4.9236537e-21,1.0,6.303428e-23,7.437639e-20
7110684193,3.9665703e-22,1.0,6.787755e-25,1.2209261e-31
7110684203,0.0,1.0,2.4e-44,0.0
7110684212,0.0,1.0,8.119826e-19,4.2980837e-35
7110692392,4.667688e-24,1.0,0.0,4.4309527e-27
7110710782,2.395e-42,1.0,3.11e-43,0.0
7110736482,0.0,1.0,4.236e-42,0.0
7110744632,0.0,0.0,1.0,0.0
7110747323,0.0,1.0,0.0,0.0
7110837862,3.0517604e-38,1.0,3.7199048e-37,0.0
7110838672,0.0,1.0,0.0,0.0
7110847952,2.1345026e-27,1.0,5.3458777e-17,0.0
7110913712,1.070615e-38,1.0,1.3961851e-31,3.5671026e-33
7110976723,6.2842213e-25,1.0,5.3751876e-22,1.3496865e-32
7120015353,0.0,1.0,2.0299879e-13,1.3631469e-29
7120048942,1.8314083e-34,1.0,1.2217644e-27,0.0
7120050282,0.0,1.0,1.23977785e-36,0.0
7120060652,2.6105812e-28,1.0,8.053679e-21,0.0
7120070112,0.0,1.0,0.0,0.0
7120254662,1.31288e-40,1.0,0.0,0.0
7120266372,0.0,1.0,0.0,0.0
7120317252,0.0,1.0,0.0,0.0
7120384762,0.5,0.5,4.820169e-24,1.6188352e-38
7120386462,1.6066032e-28,1.0,5.170115e-22,0.0
7120435792,0.0,1.0,2.2e-44,0.0
7120571512,5.7027007e-38,1.0,6.5822692e-24,0.0
7120571722,5.798486e-34,1.0,1.414654e-39,0.0
7120573252,0.0,1.0,1.516206e-13,5.8888313e-27
7120575032,0.0,1.0,0.0,0.0
7120576613,0.0,0.5,0.5,0.0
7120582312,1.7441796e-33,1.0,1.4215146e-22,2.23e-42
7120586333,0.0,1.0,3.5483702e-20,4.6199344e-37
7120591693,0.0,1.0,1.9283e-41,0.0
7120591813,0.0,1.0,0.0,0.0
7120605802,6.6521e-41,1.0,1.899138e-21,0.0
7120795672,1.0,0.0,0.0,0.0
7120811162,0.0,1.0,0.0,0.0
7120835772,4.3616957e-11,1.0,1.1913878e-17,7.4861546e-17
7120837533,8.008096e-31,0.6666667,0.33333334,4.7744627e-19
7120849353,2.7024778e-21,1.0,3.3059066e-14,2.6337405e-20
7120849393,0.0,1.0,0.0,0.0
7120849402,0.0,1.0,2.76e-43,1e-45
7120856153,0.33333334,0.6666667,0.0,0.0
7120879602,5.2517586e-35,1.0,1.22063e-40,1.9424486e-35
7120893912,1.0,0.0,0.0,0.0
7120897892,4.000202e-30,1.0,1.9040084e-33,0.0
7120975672,0.0,0.0,1.0,0.0
7120978972,3e-45,1.0,1.4e-44,0.0
7120989422,0.0,1.0,1.138e-42,0.0
7120999882,4.33e-43,1.0,2.336e-42,0.0
7121005652,9.610901e-13,1.0,1.4750433e-14,1.5516269e-17
7121019842,3e-45,1.0,4.572756e-09,1.7525547e-35
7121029682,5.884686e-39,1.0,1.3262e-41,0.0
7121032712,0.0,1.0,0.0,0.0
7121038482,4.1012963e-15,1.0,1.000801e-13,1.1357165e-24
7121038563,0.0,1.0,4e-45,0.0
7121077822,3.8685394e-33,1.0,4.7194987e-26,0.0
7121077882,4.090497e-34,1.0,2.3172122e-33,0.0
7121080242,0.4,0.4,0.2,1.671188e-26
7121080262,5.5644857e-11,1.0,1.8104865e-12,6.38099e-23
7121080342,0.0,1.0,0.0,0.0
7121101983,0.2857143,0.71428573,1.9138824e-36,0.0
7121106912,0.0,1.0,3.165e-41,3.779058e-39
7121118532,0.0,1.0,5.024e-42,2.517927e-36
7121119182,6.847705e-27,1.0,4.5059686e-35,1.0282104e-24
7121119272,4.7540305e-33,1.0,0.0,3.4156494e-36
7121119412,2.6029646e-35,1.0,0.0,1.2230632e-38
7121120172,8.9859036e-35,1.0,0.0,3.8306e-41
7121120202,2.1878293e-29,1.0,1.1973523e-19,0.0
7121120312,0.0,1.0,0.0,0.0
7121127592,0.0,1.0,5.0340544e-16,1.0775462e-33
7121130282,1.24458945e-33,1.0,0.0,2.4254894e-35
7121134183,0.0,1.0,0.0,0.0
7121143892,1.09564885e-30,1.0,1.4986076e-24,1.7875807e-24
7121146512,0.0,1.0,1.3e-44,0.0
7121148702,0.0,1.0,4.56842e-40,0.0
7121156042,0.0,1.0,0.0,0.0
7121156472,0.0,1.0,0.0,0.0
7121156542,4.442977e-24,1.0,2.632848e-17,0.0
7121156692,3.540493e-32,1.0,6.6216594e-31,2.0687966e-37
7121161732,5.4145576e-29,1.0,4.2355965e-21,0.0
7121168842,0.0,1.0,0.0,0.0
7121168993,0.625,0.375,0.0,0.0
7121213963,0.0,1.0,1.2736491e-15,8.8918975e-34
7121228262,0.0,1.0,6.213929e-38,0.0
7121230132,1.8534007e-25,1.0,4.7341786e-25,0.0
7121231202,0.0,1.0,0.0,0.0
7121239802,0.0,0.0,1.0,0.0
7121240382,0.0,1.0,0.0,0.0
7121254092,3e-45,1.0,0.0,1.0281e-41
7121271572,9.2e-44,1.0,9.874414e-25,3.1311694e-28
7121290022,2.1977032e-23,1.0,1.6823818e-20,1.747875e-25
7130011292,8.5229693e-23,1.0,1.7401859e-25,1.0156338e-33
7130057092,0.0,1.0,0.0,1e-44
7130057213,6.082275e-26,1.0,3.0246073e-24,0.0
7130064072,1.3e-44,1.0,1.0763113e-30,0.0
7130067842,6.614367e-30,1.0,7e-45,1.3e-44
7130067902,0.5,0.5,1.3072925e-30,5.400677e-33
7130093382,0.0,1.0,4.685011e-31,1e-45
7130096352,0.0,0.0,1.0,0.0
7130107312,4.753e-42,1.0,5.1730944e-37,0.0
7130107333,6.084498e-14,0.6666667,0.33333334,5.2445e-21
7130115142,0.0,1.0,4.4272936e-21,1.0375153e-24
7130118552,0.0,0.0,1.0,0.0
7130130192,0.0,1.0,0.0,0.0
7130149352,0.0,1.0,1.25796e-40,0.0
7130149362,4.9050992e-29,1.0,4.164058e-39,1.695699e-38
7130149452,0.0,1.0,4.1668564e-23,3.1390664e-36
7130168502,0.0,1.0,2.0942483e-34,0.0
7130181833,9.710427e-39,1.0,0.0,0.0
7130207772,0.0,0.0,1.0,0.0
7130211012,6.621823e-20,1.0,1.6378294e-19,1.572964e-21
7130211022,2.0349409e-33,1.0,6.419044e-28,0.0
7130241092,4.314671e-37,1.0,1.8849422e-35,2.1e-44
7130241832,0.0,1.0,6e-45,0.0
7130255673,9.3809e-41,1.0,7.173233e-29,5.300136e-37
7130255812,3.783989e-25,1.0,2.52218e-18,0.0
7130255822,7.093203e-30,1.0,0.0,8.5375085e-32
7130255923,1.0,0.0,0.0,0.0
7130255963,0.0,1.0,1.9932372e-19,7.69093e-40
7130276572,8.898198e-29,1.0,2.2263817e-21,0.0
7130276882,0.0,1.0,0.0,0.0
7130284073,0.0,1.0,0.0,0.0
7130287692,0.0,1.0,0.0,0.0
7130295482,7.387156e-18,1.0,3.2723013e-30,3.3852473e-19
7130295983,0.0,1.0,0.0,0.0
7130295992,0.5,0.5,2.2172334e-21,8.9694727e-38
7130312552,4.42194e-14,1.0,3.6906925e-20,1.0406789e-26
7130312873,0.0,1.0,6.4e-44,0.0
7130314822,6.608731e-26,1.0,5.1e-43,9.134087e-30
7130323702,0.0,1.0,0.0,0.0
7130336182,0.0,1.0,4.438499e-34,3.902435e-34
7130352882,0.0,1.0,7.767275e-37,0.0
7130353152,5.6e-44,1.0,0.0,3.73696e-36
7130360932,9.39e-43,1.0,3.5866344e-37,0.0
7130360943,3.0510985e-37,1.0,2.5793606e-35,0.0
7130360953,0.0,1.0,1.061e-42,2.0778e-41
7130381323,1.0,0.0,0.0,0.0
7130514672,0.0,1.0,0.0,1e-45
7130521912,0.0,1.0,0.0,0.0
7130531952,0.0,1.0,0.0,0.0
7130540062,0.0,1.0,0.0,0.0
7130562912,1.2834211e-33,1.0,0.0,6.8892514e-37
7130601262,1.795837e-39,1.0,0.0,0.0
7130661903,1.1693337e-28,1.0,0.0,4.7690957e-30
7130665183,0.0,1.0,0.0,1.328498e-39
7130708772,8.136023e-31,1.0,2.21788e-28,1.259718e-39
7130739502,0.0,1.0,2.06e-43,0.0
7130751362,4.518179e-32,1.0,4.6061218e-29,0.0
7130756353,1.24647e-40,0.5,0.5,1.0232599e-30
7130801893,0.0,1.0,0.0,0.0
7130813613,1.8237218e-38,1.0,0.0,0.0
7130827842,7.743028e-22,1.0,1.0353126e-15,3.471445e-19
7130852073,2.729e-41,1.0,5.9318417e-37,0.0
7130852202,0.0,1.0,9.793393e-37,0.0
7130936742,5.9060015e-30,1.0,3.293572e-31,0.0
7130958802,0.0,0.0,1.0,0.0
7130963472,1.08411e-33,1.0,5.436e-41,0.0
7130968852,6.6872326e-37,1.0,1.7e-44,0.0
7131108752,2.378e-42,1.0,2.65767e-40,2.4090361e-30
7131196472,0.0,1.0,2.174875e-20,3.8263234e-21
7131245022,0.0,1.0,0.0,0.0
7210038073,0.0,0.0,0.0,1.0
7210070412,0.0,0.0,1.0,0.0
7210074353,1.211e-42,1.0,1.1146547e-35,2.54e-43
7210074393,3.234202e-20,1.0,1.0370536e-15,2.248304e-21
7210102203,2.772486e-39,1.0,9.687017e-22,0.0
7210104292,5.7201535e-24,0.9999969,3.0454275e-06,1.3426044e-27
7210105763,0.0,1.0,1.3211e-41,0.0
7210106062,1.9746244e-22,1.0,3.3791067e-11,0.0
7210108103,0.0,1.0,2.0449977e-38,1.4829484e-36
7210108202,1.8740949e-24,0.5,0.5,1.2912415e-19
7210108213,0.0,1.0,0.0,3.25771e-40
7210108312,6.971228e-20,1.0,1.3181932e-24,1.5746359e-22
7210125972,0.0,1.0,0.0,0.0
7210126522,0.0,1.0,1e-45,0.0
7210126962,3.9239865e-36,1.0,8.3069e-41,0.0
7210141302,5.2e-43,1.0,2.0293392e-30,0.0
7210147992,0.0,1.0,3.15e-43,1.8700656e-36
7210149162,7.537059e-31,1.0,9.6596515e-34,0.0
7210156312,0.0,0.0,1.0,0.0
7210156512,0.0,1.0,6.510716e-11,4.716678e-24
7210161452,0.0,1.0,1.02718e-40,0.0
7210175572,0.0,1.0,0.0,0.0
7210199183,1.2316883e-19,0.5,0.5,2.321713e-39
7210232583,0.5,0.5,9.4614705e-25,8.918935e-32
7210232813,1.25e-43,1.0,0.0,0.0
7210284402,1.2732113e-31,1.0,0.0,2.9511564e-34
7210319932,0.0,1.0,2.3179272e-34,3.7547033e-38
7210354462,0.0,1.0,2.346e-42,1e-45
7210354492,2.0764362e-23,0.6666667,0.33333334,9.2193685e-24
7210424433,0.33333334,0.33333334,0.33333334,0.0
7210446412,2.266e-42,1.0,0.0,1.47e-43
7210619603,0.0,0.0,1.0,0.0
7210619632,0.0,1.0,0.0,0.0
7210634453,0.0,0.0,1.0,0.0
7210634952,1.9212716e-22,1.0,9.238904e-19,4.165663e-21
7210645402,0.5,0.5,1.4653836e-22,6.611419e-26
7210652092,8.5892064e-35,1.0,3.12e-43,0.0
7210673472,0.5,0.0,0.5,0.0
7210732692,0.0,1.0,1.9717382e-14,3.4818497e-20
7210774582,1.0,0.0,0.0,0.0
7210796073,0.33333334,0.33333334,0.33333334,0.0
7210897812,4.594534e-21,1.0,2.2489155e-22,1.1413121e-21
7211106902,0.0,1.0,0.0,0.0
7211127752,2.1072908e-20,1.0,1.2745841e-17,3.817891e-21
7211142922,0.0,1.0,0.0,0.0
7211143212,0.0,1.0,0.0,0.0
7211167572,0.5,0.5,4.0143192e-16,7.292317e-25
7211167582,1.082504e-20,1.0,3.5614458e-20,1.6110843e-24
7211167592,3.750259e-19,1.0,1.2556884e-15,6.4e-42
7211176383,3.0959616e-23,1.0,6.9058427e-15,4.7487937e-22
7211307162,1.0,0.0,0.0,0.0
7211307452,2.519508e-39,1.0,0.0,7.600382e-37
7211311382,0.0,1.0,0.0,0.0
7211387022,5.876604e-26,1.0,4.5833896e-21,4.0955432e-25
7211401652,0.0,1.0,5.862907e-39,1.5884054e-37
7211424272,0.0,1.0,0.0,0.0
7211424492,0.0,1.0,0.0,0.0
7211424502,2.70674e-23,1.0,3.8240138e-18,9.0846604e-30
7211498452,3.2385802e-33,1.0,5.59024e-25,0.0
7211498472,0.0,1.0,0.0,0.0
7211535422,5.225e-42,1.0,7.123e-42,0.0
7211550202,1.8824878e-21,1.0,2.3527905e-17,4.1850156e-19
7211550232,3.9876013e-38,1.0,0.0,6e-45
7211550242,0.0,1.0,0.0,0.0
7211598382,0.0,1.0,7.065236e-27,1.4071126e-33
7211622822,0.5,0.5,0.0,0.0
7211639342,3.1225205e-24,1.0,3.1791276e-22,6.9039816e-20
7211658992,0.0,1.0,0.0,0.0
7211661392,0.5,0.5,4.9243153e-19,8.3188096e-19
7211735082,0.0,1.677e-42,1.0,1e-45
7211752292,0.0,1.0,3e-45,0.0
7211782722,0.0,1.0,0.0,0.0
7211783172,1.2825e-41,1.0,6.704543e-39,0.0
7211783792,0.25,0.75,6.0351196e-10,4.9134577e-21
7211855642,0.0,1.0,0.0,0.0
7211914392,2.972985e-20,1.0,1.428695e-16,2.2482055e-20
7211926232,0.0,1.0,1.7867099e-37,0.0
7211994032,4.6841466e-33,0.9999967,3.2536132e-06,1.1322395e-17
7211994272,0.0,1.0,0.0,0.0
7212022143,1.0,0.0,0.0,0.0
7212049872,0.0,0.0,1.0,0.0
7212089432,1.4342186e-24,1.0,1.1496769e-19,3.926965e-19
7212198592,0.0,1.0,0.0,0.0
7212297122,0.0,0.0,0.0,1.0
7212360902,0.0,1.0,1.7103397e-18,2.9086084e-26
7212368262,0.0,1.0,0.0,0.0
7212394613,0.0,1e-45,1.0,0.0
7212505692,9.062583e-39,1.0,5.2846e-26,1.868445e-23
7212537132,0.0,0.0,1.0,0.0
7212540873,0.0,0.0,0.0,1.0
7212540962,0.0,1.0,0.0,0.0
7212541062,0.0,1.0,0.0,0.0
7212572282,0.0,1.0,0.0,0.0
7212573722,0.0,0.5,0.5,0.0
7212605182,0.0,1.0,0.0,0.0
7212614622,5.274243e-28,1.0,3.965183e-15,6.617996e-39
7212628362,0.0,0.0,1.0,0.0
7212659872,4.7401037e-26,1.0,1.818615e-39,4.208179e-24
7212664592,0.0,1.0,0.0,0.0
7212691782,1.8904211e-06,0.9999981,2.7973674e-19,2.3166688e-18
7220024252,1.2618803e-34,1.0,0.0,0.0
7220052722,5.6040635e-18,1.0,3.075734e-26,3.0921882e-20
7220168332,0.0,1.0,2.011608e-34,4e-45
7220275923,1.51738e-40,1.0,1.3130705e-32,0.0
7220298922,3.8521053e-33,1.0,0.0,1.8325605e-35
7220328623,4.753454e-10,1.0,1.6032093e-09,3.3630173e-17
7220350122,0.0,1.0,0.0,0.0
7220384992,0.0,1.0,8e-45,0.0
7220429862,0.0,1.0648746e-18,1.0,2.1088045e-21
7220499683,0.0,0.5,0.5,0.0
7220556582,0.0,1.0,0.0,0.0
7220575662,0.0,0.0,0.0,1.0
7220575762,1.2953295e-32,0.0,1.0,1e-45
7220588542,1.0163634e-31,1.0,3.6630313e-36,2.174302e-28
7220681402,1.911e-42,1.0,9.74e-43,0.0
7220788062,5.716e-42,1.0,5.572437e-34,0.0
7220835702,2.3472603e-22,1.0,1.5850997e-23,1.1345438e-18
7220898192,0.0,1.0,0.0,0.0
7220898212,3.827725e-21,1.0,7.637166e-32,2.251717e-19
7220959132,8.04e-43,1.0,0.0,5.09488e-35
7221043983,0.0,1.0,0.0,0.0
7221044092,0.0,0.0,1.0,0.0
7221064782,0.0,0.0,1.0,0.0
7221065322,5.01677e-28,1.0,0.0,2.9523146e-35
7221065603,3.5934855e-20,1.0,4.212582e-23,8.555626e-34
7221119782,6e-45,1.0,7.849489e-21,3.8e-44
7221164432,0.0,1.0,0.0,0.0
7221260153,7.0496296e-22,1.0,1.3675825e-14,3.887497e-19
7221361382,0.0,1.0,0.0,0.0
7221388032,1.28785e-40,1.0,3.9264854e-37,0.0
7221475442,0.0,1.0,3.879647e-21,6.4728155e-22
7221559382,0.0,1.0,0.0,0.0
7221560533,1.1504328e-27,1.0,1.0948467e-30,1.617e-42
7221590452,0.0,1.0,5.392856e-35,3.3926532e-35
7221590652,8.2440385e-18,1.0,7.293063e-19,1.2193613e-19
7221675862,1.7465593e-30,1.0,0.0,4.135937e-34
7221676252,1.0,0.0,0.0,0.0
7221676332,0.0,1.0,0.0,0.0
7221677292,6.3632413e-27,1.0,2.5766385e-26,0.0
7221698222,0.0,0.0,1.0,0.0
7221698722,0.0,0.0,1.0,0.0
7221740973,0.5,0.5,5.088075e-20,3.2571494e-32
7221741063,0.0,1.0,5.7467256e-38,0.0
7221793462,1.0,0.0,0.0,0.0
7230050822,0.0,0.0,1.0,0.0
7230095452,0.0,0.0,1.0,0.0
7230113872,0.0,1.0,0.0,0.0
7230151132,5.369003e-25,0.5,0.5,0.0
7230178672,0.0,1.0,0.0,0.0
7230178692,2.8760582e-35,1.0,0.0,5.055733e-35
7230191582,2.845e-42,0.99999595,4.1071594e-06,1.1893423e-38
7230193863,1.77e-43,0.0,1.0,0.0
7230264502,4.83e-43,1.0,7.651457e-39,0.0
7230278372,9.937e-41,1.0,0.0,1.0076632e-36
7230421062,0.0,0.0,1.0,0.0
7230474912,0.0,1.0,2e-44,0.0
7230487942,0.0,1.0,9.320392e-22,4.7038188e-29
7230490313,0.0,1.0,0.0,0.0
7230516632,0.0,1.0,4.439385e-39,1e-45
7230541162,0.5,0.5,1.5665791e-20,2.2895377e-20
7230541832,0.0,1.0,1.5194994e-37,3.28181e-40
7230665822,0.0,0.0,1.0,0.0
7230906732,0.0,1.0,3.503e-42,0.0
7230979682,2.333575e-21,1.0,6.806e-42,1.2169817e-21
7231027032,0.0,1.0,1.5982987e-32,0.0
7231029922,0.0,1.0,1.0567e-41,0.0
7231077323,0.0,0.0,1.0,0.0
7231228972,0.0,1.0,0.0,0.0
7231300392,1e-45,1.0,1.2047e-40,0.0
7231330662,0.0,1.0,3.6994833e-15,2.0858264e-29
7231339882,0.0,1.0,3.1835183e-20,2.0639242e-23
7231424912,0.0,1.0,2.6805763e-35,0.0
7231583102,9.390058e-36,1.0,2.095e-42,0.0
7231616303,0.0,0.0,1.0,0.0
7231640462,7e-45,1.0,1e-44,0.0
7231774183,0.0,0.0,1.0,0.0
7240054132,1.8021893e-27,1.0,1.6750226e-31,0.0
7240066743,0.0,1.0,0.0,0.0
7240079343,0.5,0.0,0.5,0.0
7240178212,0.33333334,0.0,0.6666667,0.0
7240184593,0.0,1.0,0.0,0.0
7240248092,5.0063732e-24,0.5,0.5,0.0
7240341523,9.703014e-18,1.0,3.9565947e-18,1.2847041e-26
7240384742,5.6018765e-14,1.0,7.914713e-23,7.094392e-20
7240403763,1.4514579e-33,1.0,7.562526e-29,0.0
7240454942,1.0,0.0,0.0,0.0
7240482153,0.0,1.0,1.9757386e-23,6.1e-43
7240522373,0.5,0.0,0.5,0.0
7250051493,0.0,1.0,2.7164449e-24,5.5900116e-38
7250070242,4.366777e-31,1.0,1.575634e-24,1.467423e-28
7250074832,0.0,0.0,1.0,0.0
7250080512,0.0,1.0,0.0,0.0
7250092313,0.2857143,0.71428573,0.0,0.0
7250093653,0.0,0.0,1.0,0.0
7250113932,0.2857143,0.5714286,0.14285715,0.0
7250129282,0.0,0.5,0.5,0.0
7250145702,1.3434179e-18,1.0,2.0880271e-23,2.5244565e-19
7250145713,2.4506897e-32,1.0000001,0.0,0.0
7250152912,0.0,1.0,3.1278503e-31,0.0
7250161903,1.0,0.0,6.746e-42,0.0
7250166233,1.0,0.0,0.0,0.0
7250166472,0.0,0.0,1.0,0.0
7250202733,0.25,0.74999994,0.0,0.0
7250213232,0.0,1.0,1.8732466e-17,1.1009168e-27
7250215982,1.5921557e-28,1.0,4.095605e-33,0.0
7250240013,5.2251345e-15,1.0,2.3182767e-15,3.771583e-24
7250265792,0.0,1.0,0.0,0.0
7250291882,1.12105965e-35,1.0,3.5551807e-15,1.5621848e-33
7250292303,0.5,0.5,3.3860381e-22,6.481301e-31
7250295992,1.7921e-41,1.0,0.0,1.08e-43
7250344153,0.0,0.0,1.0,0.0
7250359323,0.0,0.0,1.0,0.0
7250487902,0.0,1.0,2.8e-44,1e-45
7250501702,1.0,0.0,0.0,0.0
7250502652,0.0,1.0,1.6710096e-37,0.0
7250511592,0.0,1.0,2.8063643e-32,1.4039417e-36
7250511622,5.050627e-34,1.0,6.790994e-35,0.0
7250519012,0.0,3.9775695e-33,1.0,0.0
7250520282,0.0,1.0,0.0,0.0
7250533142,8.137087e-29,1.0,2.4923e-41,1.1e-44
7250538792,0.0,0.0,4.385023e-23,1.0
7250599463,0.0,0.0,1.0,0.0
7250603373,1.5805503e-19,1.0,2.9095791e-30,3.9401212e-31
7250625993,0.0,1.0,0.0,0.0
7250630763,1.0901327e-31,1.0,7.613742e-19,4.1e-43
7250632872,1.5350511e-27,1.0,1.2290092e-28,0.0
7250649493,0.0,0.0,1.0,0.0
7250664993,0.0,0.0,1.0,0.0
7250674793,0.0,1.0,0.0,0.0
7250693043,7.5532936e-28,1.0,4.8257717e-20,2.6324526e-32
7250706382,1.5164536e-37,1.0,0.0,0.0
7250723942,0.0,1.0,4.9064477e-36,2.79e-43
7250739033,2.69e-43,1.0,2.6054424e-32,0.0
7250739412,0.0,1.0,2.0366602e-30,7e-45
7250789022,2.8574949e-31,1.0,4.0621382e-32,1.2044649e-22
7250789052,0.0,0.5,0.5,0.0
7250817663,0.0,1.0,0.0,0.0
7250831873,0.0,1.0,0.0,0.0
7250831893,1.6863798e-12,1.0,8.409578e-10,4.4618478e-18
7250849543,0.0,1.0,1.1904854e-32,3.5e-43
7250899932,0.0,0.0,1.0,0.0
7250922682,7.495296e-28,1.0,0.0,3.766769e-30
7250966122,0.33333334,0.33333334,0.33333334,0.0
7251006483,6.7716358e-12,1.0,5.351299e-23,1.4046932e-16
7260041812,0.0,1.0,8.80204e-31,9.070884e-39
7260082142,0.0,0.0,1.0,0.0
7310026172,8.4e-44,1.0,0.0,0.0
7310039593,0.0,0.0,1.0,0.0
7310086383,0.5,0.0,0.5,1.51e-43
7310147802,4.984565e-15,1.0,1.9163043e-37,1.4711749e-25
7310167553,3.0337646e-26,1.0,8.031054e-17,0.0
7310167672,3.5044243e-19,1.0,0.0,5.3046385e-25
7310167773,0.0,1.0,1.2924444e-36,0.0
7310170842,1.76879e-40,1.0,0.0,1.0488437e-36
7320002002,1.0,0.0,0.0,0.0
7320005712,0.0,0.0,1.0,0.0
7320008812,1.0,0.0,0.0,0.0
7320057062,0.0,0.0,1.0,0.0
7320068812,0.0,0.0,0.0,1.0
7320198193,5.8502575e-15,0.5,0.5,7.85623e-18
7320230502,0.0,1.0,0.0,0.0
7320235132,3.631274e-33,1.0,1.724e-42,0.0
7320248322,1.0,0.0,0.0,0.0
7320256073,0.0,1.0,4.9e-44,0.0
7320355243,1.0749107e-25,1.0,0.0,3.3816824e-28
7320406673,0.0,1.0,9.381559e-39,1.3781893e-37
7320411343,0.0,1.0,0.0,0.0
7320411603,6.1512257e-28,1.0,6.374816e-39,0.0
7320411613,0.0,1.0,0.0,4.367381e-29
7320434393,2.5226e-41,1.0,0.0,2.591031e-32
7410005852,0.0,0.0,1.0,0.0
7420016952,0.0,0.5,0.5,0.0
7420030132,0.0,1.0,0.0,0.0
7420087233,1.9543556e-20,1.0,1.7625696e-37,1.5016425e-29
7420088223,0.0,1.0,4.452502e-36,0.0
7420125292,4.6943243e-34,1.0,7.591969e-17,7.0315376e-22
7420142512,0.0,1.0,0.0,0.0
7420169793,0.0,1.0,0.0,0.0
7420180123,0.0,0.0,1.0,0.0
7420208393,1.0,0.0,0.0,0.0
7420245843,1.0,0.0,0.0,0.0
7420275282,8.723475e-26,1.0,1.06e-43,3.8239393e-24
7420279093,0.0,1.0,0.0,0.0
7420279843,0.0,1.0,0.0,0.0
7420280462,1.3178451e-36,0.0,0.0,1.0
7420280533,0.0,1.0,0.0,0.0
7420310552,0.0,1.0,1.4547435e-20,4.3872565e-27
7420346453,8.7741875e-37,1.0,0.0,2.37847e-40
7420349683,0.0,1.0,0.0,0.0
7420349693,0.0,1.0,0.0,0.0
7420375373,3.0754273e-37,1.0,1.352e-42,0.0
7420389792,7e-45,1.0,1e-45,0.0
7420397582,0.0,1.0,3.8235032e-13,5.795482e-30
7420417003,0.0,0.0,1.0,0.0
7420422213,0.0,0.0,1.0,0.0
7420473223,0.0,1.0,0.0,0.0
7420528773,0.0,1.0,2.0956e-41,0.0
7420552803,0.0,1.0,0.0,0.0
7420552813,8.0872995e-22,0.8,0.2,1.609059e-29
7420571772,1.0,0.0,0.0,0.0
7420584152,0.0,1.0,0.0,0.0
7420665303,2.1744739e-33,1.0,1.6443191e-17,1.1812717e-18
7420746062,1.7724e-41,1.0,3.2098e-40,6.402877e-36
7420749482,4.0417557e-25,0.99999774,2.255088e-06,3.2e-42
7420785002,8.332612e-25,1.0,3.5556203e-27,1.3440738e-20
7420788032,0.0,1.0,1.653986e-32,0.0
7420799662,1.2764492e-25,1.2999269e-19,1.0,0.0
7420814272,0.0,1.0,0.0,0.0
7420832032,0.0,1.0,0.0,0.0
7420847912,1.7038887e-20,1.0,1.6572437e-23,3.456705e-32
7420853612,0.0,1.0,8.1e-44,0.0
7420861402,0.0,1.0,2.060005e-25,4.4028072e-38
7420865112,0.0,1.0,0.0,0.0
7420875052,0.0,1.0,5.017999e-19,5.413053e-28
7420903892,1.2947977e-37,1.0,1.8029833e-31,0.0
7420915053,0.0,0.0,1.0,0.0
7420919953,1.4143116e-17,1.0,1.2592304e-22,1.7285354e-20
7420920013,1.5604985e-34,1.0,0.0,1.33521e-40
7420954923,0.0,1.0,1.4610476e-31,2.684972e-39
7420954993,7.300168e-17,1.0,1.5015449e-19,2.9101914e-26
7420956062,0.0,0.0,1.0,0.0
7420960343,0.0,0.0,1.0,0.0
7421012892,0.0,1.0,0.0,0.0
7421014302,3.3193876e-36,1.0,6.633535e-33,0.0
7421019192,0.0,0.0,1.0,0.0
7421026192,0.0,0.0,0.0,1.0
7421064932,1.149e-42,1.0,1.634374e-21,6.3772505e-28
7421069983,0.0,1.0,0.0,0.0
7421082642,0.0,1.0,0.0,0.0
7430014452,0.0,0.0,0.0,1.0
7430058292,0.0,0.0,0.0,1.0
7430059382,0.0,1.0,0.0,0.0
7430059392,0.0,0.0,1.0,0.0
7510091922,0.0,1.0,0.0,0.0
7510104502,0.0,0.0,1.0,0.0
7510104542,0.0,1.0,0.0,0.0
7510154252,1.0,0.0,0.0,0.0
7510154643,0.0,1.0,3.8425052e-19,7.381795e-28
7520006833,1.8671003e-36,1.0,1.6113173e-35,0.0
7520011112,0.0,1.0,0.0,0.0
7530002673,4e-45,1.0,1.565607e-33,1.7e-44
7530012622,0.5,0.0,0.5,0.0
7530015372,0.0,0.0,1.0,0.0
7530016382,0.0,0.0,1.0,0.0
7530030613,0.0,1.0,0.0,0.0
7530065722,0.0,1.0,0.0,0.0
7530089242,1.0,0.0,0.0,0.0
7530093763,0.0,1.0,1.2693522e-19,8.238907e-27
7530095823,0.0,0.0,0.0,1.0
7530096073,0.0,1.0,1.7147001e-37,0.0
7530096122,1.0,0.0,0.0,0.0
7530096692,0.0,0.0,0.0,1.0
7530096743,0.0,1.0,0.0,0.0
7530106782,1.0,0.0,0.0,0.0
7620026792,0.0,0.0,1.0,0.0
7620035292,1.0,2.4810313e-26,0.0,0.0
7640002812,0.0,0.0,1.0,0.0
7710021313,0.0,1.0,0.0,0.0
7710026853,0.0,1.0,0.0,0.0
7710032962,1.810877e-37,1.0,0.0,1.15126e-40
7710033232,0.0,0.0,0.0,1.0
7710038952,1.0,0.0,0.0,0.0
7710043742,0.5,0.0,0.5,0.0
7710076623,0.0,1.0,0.0,0.0
7720002402,1.0,0.0,0.0,0.0
7720003433,0.0,1.0,3.613374e-21,2.4129724e-30
7720003573,0.0,1.0,2.3215683e-38,1e-45
7730002562,1.8982066e-33,1.0,0.0,0.0
7730003032,0.0,1.0,0.0,0.0
7730010462,0.0,1.0,4.7043728e-30,0.0
7730010742,0.0,1.0,1.4391e-41,0.0
7730013722,1.5311799e-34,1.0,8.227169e-28,0.0
7730013782,1.1091463e-25,1.0,2.5733262e-35,1e-44
7730013832,0.0,1.0,0.0,0.0
7730015342,0.0,1.0,0.0,0.0
7740012182,0.0,0.0,0.0,1.0
7740049052,0.0,1.0,6.5e-43,0.0
7820003262,1.766147e-18,1.0,2.3260822e-14,1.085365e-16
7820016193,9.750946e-27,1.0,0.0,2.6141746e-31
7820018572,0.0,1.0,0.0,0.0
7820031263,8.0933703e-20,1.0,1.748985e-21,7.524221e-35
7820031273,1.4896959e-16,1.0,4.7061676e-15,6.888854e-20
7820033922,0.0,0.0,0.0,1.0
7820034213,2.6749789e-17,1.0,3.5859133e-23,1.14143085e-23
7820052753,2.4989216e-27,1.0,2.3547305e-27,0.0
7820057683,2.2587705e-20,1.0,2.0530474e-24,3.6215418e-22
7820061863,1e-45,1.0,3.1004635e-34,0.0
7820064483,0.0,0.5,0.5,4.7384878e-26
7830012852,0.0,1.0,0.0,0.0
7830015032,0.0,1.0,2.8427e-41,0.0
7830085252,0.0,1.0,0.0,0.0
7830094372,0.0,0.0,1.0,0.0
7830103662,1.2413193e-23,1.0,9.6226476e-20,0.0
7830150212,8.618818e-26,1.6609523e-26,1.0,1e-45
7830150222,7.219517e-29,1.0,0.0,2.109915e-36
7830169252,0.0,0.0,1.0,0.0
7830169633,0.0,1.0,7.142555e-18,4.026997e-37
7830169882,3.0867615e-27,1.0,2.52876e-33,1.9290555e-33
7830169942,1.8819661e-31,1.0,4.3332224e-15,4.7454576e-21
7830187142,0.0,0.0,1.0,0.0
7830263433,0.0,1.0,3.178e-42,0.0
7830263943,0.0,1.0,7.39534e-40,5.2e-44
8120072802,0.0,0.0,1.0,0.0
8120072882,0.0,0.0,0.0,1.0
8120141372,0.0,0.0,0.0,1.0
8120157753,1.0,0.0,0.0,0.0
8120221792,0.0,0.0,0.0,1.0
8120251562,4.522697e-32,0.0,0.0,1.0
8120265042,0.0,0.0,0.0,1.0
8120271112,1.0,0.0,0.0,0.0
8120276122,0.0,0.0,0.0,1.0
8120456042,1.0,0.0,0.0,0.0
8120495402,0.0,0.0,0.0,1.0
8120511402,1.0,0.0,0.0,0.0
8120512272,1.0,0.0,0.0,0.0
8120542992,0.0,0.0,0.0,1.0
8120667403,0.0,1.0,0.0,0.0
8120667413,0.0,1.0181048e-18,1.0,9.96523e-24
8120667493,1.0,0.0,0.0,0.0
8120667523,0.0,0.0,1.0,0.0
8120691283,2.9887114e-17,8.174296e-15,0.5,0.5
8120691293,0.0,0.0,0.0,1.0
8120691303,0.0,1.0,0.0,0.0
8120691373,4.783915e-20,1.0,1.0080266e-32,4.995697e-24
8120699882,1.0562274e-21,1.0,2.8123222e-25,0.0
8120861962,3.821767e-39,0.0,3.0895243e-38,1.0
8120877302,0.0,1.0,0.0,0.0
8120892183,0.0,1.0,3.1019011e-15,0.0
8120929533,3.3197632e-31,1.0,0.0,3.0512342e-32
8120931843,0.0,0.0,1.0,0.0
8120989333,0.0,0.0,1.0,0.0
8121011373,0.0,1.0,1.032097e-39,0.0
8121042463,0.0,1.0,0.0,0.0
8121047682,2.186831e-34,1.7362198e-26,1.4573912e-30,1.0
8121248832,8.2067e-41,1.0,9.479e-41,0.0
8121277932,0.0,1.0,0.0,0.0
8121341492,1.0,0.0,0.0,0.0
8121352603,6.99e-43,1.0,0.0,0.0
8121352622,0.0,0.0,0.0,1.0
8121361142,0.0,1.0,0.0,0.0
8121380023,0.0,1.0,0.0,0.0
8121432872,0.0,1.0,3.18119e-40,0.0
8121522272,0.0,1.0,0.0,0.0
8121566202,1.0,0.0,0.0,0.0
8121577392,1.0,0.0,0.0,0.0
8121603332,7.388477e-18,1.0,6.729907e-20,7.934703e-22
8121625162,0.0,1.0,7.751644e-15,2.165095e-31
8121627103,3.6641432e-14,1.0,2.5915798e-14,2.4585083e-28
8121627142,0.0,1.0,8.9e-43,0.0
8121627153,0.0,1.0,2.1710454e-35,1.421e-42
8121627193,0.0,0.0,1.0,0.0
8130047542,2.0467323e-36,1.0,0.0,0.0
8130055963,0.0,0.0,0.0,1.0
8130071482,0.0,0.0,1.0,0.0
8130181732,0.0,0.0,0.0,1.0
8130469812,0.0,0.0,1.0,0.0
8130471582,0.0,0.0,0.0,1.0
8130509202,0.0,0.0,0.0,1.0
8130528522,0.0,0.0,0.0,1.0
8220029723,1.0,0.0,0.0,0.0
8220078842,2.5718712e-37,1.0,2.1236838e-35,0.0
8220078952,2.5491027e-15,1.0,5.075e-41,5.799943e-20
8220429462,0.0,0.0,1.0,0.0
8220429862,0.0,0.0,1.0,0.0
8220476332,0.0,1.0,9.559849e-38,5.529765e-35
8220491582,1.48943e-40,1.0,3.596e-41,0.0
8220538282,6.187887e-30,1.0,7.6695966e-26,0.0
8220622223,0.0,1.0,0.0,0.0
8220670642,0.0,1.0,0.0,0.0
8220681172,3.313e-41,1.0,0.0,0.0
8220736573,0.0,0.0,1.0,0.0
8220756123,4.664814e-35,1.0,1.702e-41,4.1358546e-28
8220756133,1.0,0.0,0.0,0.0
8220812383,0.0,1.0,7.984422e-24,0.0
8220840363,4.1257477e-31,1.0,1.1671589e-28,0.0
8220868532,2.0997996e-27,1.0,2.791017e-21,0.0
8220868712,0.0,1.0,0.0,0.0
8220882672,1.0,0.0,0.0,0.0
8220929772,1.5518994e-38,1.0,1.0526652e-33,0.0
8220966072,1.0,0.0,0.0,0.0
8220993253,1.413144e-39,1.0,0.0,0.0
8221008743,0.0,1.0,2.4382055e-22,4.8213427e-28
8221130682,0.0,1.0,0.0,0.0
8221230132,0.0,1.0,1.629e-41,0.0
8221243142,0.0,1.0,0.0,0.0
8221279072,1.6932943e-38,1.0,1.6494e-40,0.0
8221299713,3.1604059e-18,1.0,5.845139e-19,1.3669427e-19
8221318793,3.809263e-29,1.0,3.39057e-21,1.8596604e-27
8221336062,0.0,1.0,0.0,0.0
8221338772,0.0,0.0,1.0,0.0
8221344732,5.307154e-38,1.0,6.277993e-32,0.0
8221388712,0.0,1.0,6.78e-43,2.3e-43
8221418332,0.0,1.0,0.0,1.264e-42
8221520472,1.7045915e-37,1.0,0.0,3.313337e-38
8221520502,4.5053247e-31,1.0,1e-45,3.9e-44
8221545852,0.0,1.0,0.0,0.0
8221558412,0.0,1.0,2.481e-41,0.0
8221568932,0.0,1.0,0.0,0.0
8221586482,0.0,1.0,7.678731e-38,0.0
8221645962,2.6830367e-21,1.0,2.6879697e-17,5.585097e-17
8221651322,0.0,1.0,0.0,0.0
8221659942,0.0,0.0,1.0,0.0
8221664662,0.0,1.0,2.54e-43,1.4e-44
8221665252,5.2679e-41,1.0,0.0,0.0
8221721332,5.205521e-26,1.0,1.1224116e-25,0.0
8221722972,0.0,1.0,0.0,0.0
8221746922,0.0,1.0,0.0,0.0
8221855442,1.0,0.0,0.0,0.0
8221911032,1.0,0.0,0.0,0.0
8221913882,1.1399246e-23,1.0,1.3506483e-19,0.0
8221931152,5.1955024e-29,1.0,0.0,4.3503976e-32
8221931472,0.0,1.0,1.7e-44,0.0
8221951062,3.7053094e-16,1.0,3.5315537e-12,4.8138097e-17
8221956942,3.15948e-40,1.0,2.616e-42,0.0
8221956953,3.078142e-17,0.9999989,1.0774935e-06,6.9633824e-17
8221991163,0.75,0.25,1.7115171e-32,0.0
8221994082,9.912905e-32,1.0,0.0,0.0
8222001802,0.0,1.0,0.0,0.0
8222015902,0.0,0.0,1.0,0.0
8222038442,2.8819715e-29,1.0,9.124445e-19,8.402207e-20
8222039212,0.0,1.0,3.988135e-30,2.833753e-39
8222083562,0.0,1.0,1e-44,0.0
8222103742,6.87357e-40,1.0,0.0,0.0
8222109792,9.96e-43,1.0,0.0,1.69013e-40
8222180532,1.219e-42,1.0,1.47e-43,7.814998e-39
8222231502,1.116463e-15,1.0,1.1145703e-16,3.848473e-26
8222242852,9.8e-43,1.0,7e-45,0.0
8222296273,1.2489052e-37,1.0,8.412e-42,0.0
8222296793,2.7328e-41,1.0,3.9045458e-36,0.0
8222362882,9.293991e-34,1.0,0.0,6.9015156e-35
8222363612,0.0,1.0,0.0,0.0
8222364272,4.155734e-15,1.0,3.934076e-17,8.3058874e-23
8222387232,1.2794085e-32,1.0,2.3120522e-21,4.991e-42
8222394022,2.3815659e-18,1.0,9.621128e-23,3.5033427e-26
8222403222,0.0,1.0,2.5974596e-20,2.4206325e-31
8222417332,0.18181819,0.45454547,0.36363637,1.4664513e-19
8222433572,0.50000006,0.49999994,3.2446964e-18,1.2023832e-15
8222538062,0.0,1.0,8.1317434e-38,0.0
8222590442,1.9317659e-25,1.0,0.0,1.5040798e-28
8222590692,1.2712073e-11,0.6666667,0.33333334,7.6680984e-23
8222593752,3.8701975e-38,1.0,1.7384692e-38,0.0
8222642272,0.0,0.0,1.0,0.0
8222642542,1.4596055e-30,1.0,0.0,2.819969e-34
8222662932,0.0,1.0,0.0,0.0
8222669533,0.33333334,0.33333334,0.33333334,2.411134e-24
8222671292,2.41531e-39,1.0,0.0,0.0
8222690132,0.0,1.0,0.0,0.0
8222720812,0.0,1.0,0.0,0.0
8222729472,0.0,1.0,0.0,0.0
8222730702,1.637691e-35,1.0,1.8228724e-24,1.216e-42
8222763202,0.0,1.0,4.020282e-33,0.0
8222764042,1.550069e-23,1.0,8.667545e-24,2.0845852e-34
8222774182,0.0,1.0,7.2537646e-32,1e-45
8222802582,0.0,1.0,1.167023e-32,1.373694e-39
8222810372,7.489711e-31,1.0,0.0,1.8987942e-32
8222810932,2.6596566e-19,1.0,7.271441e-39,8.7347235e-20
8222817902,2.7736963e-25,1.0,1.4193948e-17,8e-45
8222837723,1.2753e-40,1.0,1.2554158e-22,0.0
8222870772,3.9885013e-19,1.0,7.564189e-29,2.292723e-24
8222870852,0.0,0.0,1.0,0.0
8222887422,0.0,1.0,1.51e-43,0.0
8222892662,2.3043266e-24,1.0,7.5944753e-28,2.040573e-29
8222900472,0.0,1.0,1.5844831e-23,0.0
8222902902,6e-45,1.0,1e-45,0.0
8222917892,2.683553e-14,1.0,6.935859e-23,3.074985e-17
8222918192,0.0,1.0,0.0,0.0
8222934412,0.0,1.0,3.4991977e-21,2.979e-42
8222935472,0.0,1.0,2.3113014e-22,1.6970337e-36
8222940152,0.0,1.0,1.4998e-41,1.781e-42
8222966532,0.0,0.0,1.0,0.0
8222971102,0.0,0.0,1.0,0.0
8222981582,6.4456e-41,1.0,2.25126e-40,0.0
8223005482,0.0,1.0,0.0,0.0
8223027262,6.620036e-33,1.0,1.0770742e-32,0.0
8223051592,1.0,0.0,0.0,0.0
8223068372,0.0,1.0,0.0,0.0
8223068432,3.582e-42,1.0,5.609579e-38,0.0
8223081342,9.232e-42,1.0,2.842319e-38,0.0
8223086812,6.162755e-29,1.0,6.457569e-16,0.0
8223091992,1.2900844e-37,1.0,5.433273e-25,0.0
8223099882,0.0,1.0,1.18076e-40,0.0
8223133593,1.2249526e-18,1.0,6.409511e-25,1.803e-42
8223133613,5.950511e-21,1.0,3.3032857e-27,4.4539965e-31
8223143572,8.542666e-37,1.0,0.0,0.0
8223178043,2.7295135e-11,1.0,2.140336e-19,2.8230003e-17
8223258122,0.0,1.0,0.0,0.0
8223259142,3.294093e-23,1.0,2.0342393e-21,2.5049793e-32
8223303872,3.2597078e-36,1.0,0.0,1.54e-42
8223304402,0.0,1.0,0.0,0.0
8223304412,6.8483375e-33,1.0,0.0,2.413186e-36
8223320472,0.0,1.0,0.0,0.0
8223342763,0.0,0.0,1.0,0.0
8223371712,0.0,1.0,0.0,0.0
8223398042,0.0,1.0,0.0,0.0
8223398072,0.0,1.0,0.0,0.0
8223413202,5.4341164e-35,1.0,1.0094825e-22,0.0
8223466472,3.4109576e-31,1.0,9.731e-41,3.46e-43
8223478132,3.631714e-20,1.0,5.5357154e-28,1.02417185e-29
8223481202,1.5312747e-22,1.0,2.698555e-26,8.749443e-37
8223523032,0.0,1.0,9.3093815e-36,3.05881e-39
8223663652,0.0,1.0,0.0,0.0
8223669913,0.0,1.0,0.0,0.0
8223670152,2.57067e-18,1.0,7.6798666e-20,0.0
8223681932,1.0,0.0,0.0,0.0
8230031312,0.0,1.0,7.495911e-39,4.46e-43
8230054382,1.5133e-41,1.0,6.704491e-32,3.4155296e-30
8230054512,2.668714e-37,1.0,1.458904e-20,2.0244107e-23
8230054932,0.0,1.0,4.086803e-15,1.3980817e-29
8230055332,8.374356e-11,0.5,0.5,1.3597798e-21
8230084062,1.0113061e-36,1.0,0.0,1.21275e-40
8230172392,0.0,0.0,0.5,0.5
8230228202,0.0,0.0,0.0,1.0
8230273432,1.7010815e-32,0.0,1.0,8.739454e-28
8230326152,1.6987302e-29,0.0,0.0,1.0
8230463612,1.623e-42,1.0,0.0,0.0
8230465062,0.0,0.0,1.0,0.0
8230601192,2.3916569e-30,1.0,5.941211e-39,0.0
8230601362,0.0,1.0,6.94558e-40,0.0
8230629672,2.0119084e-18,1.0,5.000586e-21,3.2950982e-23
8230705412,0.0,1.0,0.0,0.0
8230746912,3.2863686e-26,1.0,9.959063e-26,1.9751809e-23
8230764412,1.0,0.0,0.0,0.0
8230764432,5.6620473e-34,1.0,0.0,0.0
8310001892,0.0,0.0,1.0,0.0
8310060862,0.0,1.0,3.684e-42,0.0
8310109592,0.0,1.0,6.718097e-36,1.1e-44
8310125002,0.0,1.6630817e-27,1.0,2.544954e-30
8310162182,0.0,0.0,1.0,0.0
8310162502,1.3937709e-36,7.8970814e-24,1.0,0.0
8310207762,0.0,1.0,1.6270501e-34,1.439993e-32
8310215912,3.4e-44,1.0,1e-45,3.4458168e-35
8310235402,0.0,0.0,1.0,0.0
8310255303,2.6531577e-26,1.0,2.324972e-18,7.7909206e-28
8310265552,5.6478474e-18,1.0,2.0271055e-25,8.063205e-19
8310291933,0.5,0.5,8.350701e-12,8.843447e-23
8310334363,0.0,0.0,1.0,0.0
8310334402,0.0,1.0,6e-45,0.0
8310455972,0.0,0.0,1.0,0.0
8310468452,4.573566e-39,1.0,0.0,1.0558643e-37
8310482093,0.0,0.0,1.0,0.0
8310485463,1.0,0.0,0.0,0.0
8310512083,0.0,1.0,0.0,0.0
8310514913,5.0002543e-21,1.0,1.0855166e-31,5.297382e-21
8310546912,0.0,1.0,0.0,0.0
8310680303,1.7215352e-38,1.0,3.4e-44,0.0
8310703683,0.0,1.0,0.0,0.0
8310779792,0.0,1.0,0.0,0.0
8311063983,5.393259e-23,1.0,8.87e-43,4.1093137e-33
8311254943,0.0,1.0,1.7650187e-22,2.740447e-31
8311308553,1.9834592e-23,1.0,1.0080143e-14,7.28254e-21
8311323502,0.0,1.0,0.0,0.0
8311340222,2.5971129e-20,1.0,3.3893752e-38,2.2721575e-27
8311361722,0.0,0.0,1.0,0.0
8311478853,0.0,0.6,0.4,0.0
8311518752,0.0,1.0,4.792e-42,0.0
8311694902,0.0,4.40613e-40,1.0,0.0
8311738942,5.7400844e-09,1.0,1.3341325e-36,5.173443e-17
8311779722,4e-45,1.0,5.47654e-38,0.0
8311787302,0.0,1.0,0.0,0.0
8311788542,0.0,1.0,4.8402e-41,5.5416e-41
8311788572,0.0,1.0,0.0,0.0
8311790762,0.0,1.791e-42,1.0,0.0
8311800792,1.08878974e-32,1.0,0.0,6.914172e-33
8311800842,1.8327373e-30,1.0,3.2297e-41,2.205142e-32
8311857383,0.0,0.0,0.0,1.0
8311879023,0.0,0.0,0.0,1.0
8311880712,2.7686842e-26,0.5,0.5,0.0
8311951762,0.0,1.0,0.0,0.0
8312073183,4e-45,1.0,6e-45,0.0
8312081392,0.5,0.5,3.1321483e-21,5.6454553e-26
8312081772,0.0,1.0,3.560694e-36,1.15e-42
8312155852,0.0,1.0,8.825853e-29,7.031464e-35
8312299232,0.0,1.0,0.0,0.0
8312326212,0.0,0.0,0.0,1.0
8312409062,3.3015873e-25,1.0,2.1329523e-23,0.0
8312436402,3.0931512e-16,1.8847295e-14,1.1960205e-23,1.0
8312688822,0.0,0.0,0.0,1.0
8312952332,0.0,0.0,1.0,0.0
8312952342,0.5,1.5498821e-35,0.5,5.1052424e-20
8312952382,1.0,0.0,0.0,2.431953e-35
8312986972,0.0,1.0,7.1897414e-17,1.4173709e-24
8312987012,0.0,0.0,3.572896e-30,1.0
8312987022,0.0,1.0,9.246604e-34,1.2122127e-38
8313222092,0.0,1.0,2.7196378e-17,1.5560822e-26
8313280382,0.0,1.0,0.0,0.0
8313440002,9.490697e-39,1.0,2.021785e-35,0.0
8313769583,0.0,0.0,1.0,0.0
8320009002,5.8259e-41,1.0,1.3024662e-37,0.0
8320011162,0.0,1.0,4.2e-44,0.0
8320016632,0.0,1.0,1.7916e-41,0.0
8320019142,2.8254073e-20,1.0,8.999892e-19,1.1604541e-24
8320022322,7.7091875e-28,1.0,7.4e-44,1.4007947e-38
8320059072,0.33333334,0.6666667,0.0,0.0
8320059272,1.4178986e-17,1.0,1.9993038e-34,1.5348853e-19
8320062912,0.50000185,0.49999815,4.736332e-21,1.04795255e-17
8320068822,0.0,1.0,2.5185373e-17,7.122968e-32
8320074702,0.0,1.0,0.0,0.0
8320099392,3.6846625e-22,1.0,7.1163946e-25,3.2417713e-31
8320112142,7.243357e-20,1.0,1.5415284e-36,4.737003e-30
8320124992,6e-45,1.0,5.749297e-21,0.0
8320125402,4.097707e-21,1.0,5.9268545e-21,5.6352265e-29
8320170352,0.0,0.0,1.0,0.0
8320170602,1.1124648e-24,1.0,3.273076e-22,8.591369e-35
8320197092,0.0,1.0,0.0,0.0
8320207922,7.104732e-32,1.0,1.6559645e-29,0.0
8320208172,1.04e-42,1.0,2.6808e-41,0.0
8320208182,0.0,1.0,1.204345e-39,0.0
8320222442,1.1931886e-25,1.0,1.6734678e-24,4.58e-43
8320248412,0.0,1.0,5.7775353e-33,4.216937e-39
8320292252,0.0,1.0,4.3809026e-34,8e-45
8320306832,6e-45,1.0,2.892e-42,0.0
8320311912,7.8708944e-19,1.0,7.621587e-24,1.15292455e-23
8320333882,0.0,1.0,0.0,0.0
8320334132,0.0,1.0,0.0,0.0
8320338732,1.8673341e-27,1.0,1.487681e-24,1.2042047e-24
8320382472,2.4812236e-21,1.0,2.5156129e-26,1.9381479e-25
8320395732,0.0,1.0,1.8528e-41,0.0
8320401662,7.111978e-22,1.0,1.7665454e-23,2.7139345e-24
8320420932,2.3212767e-30,1.0,7.358699e-24,7.658758e-39
8320422212,1.6e-43,1.0,1.28998e-40,0.0
8320428812,0.0,1.0,2.6538316e-32,0.0
8320442852,7.2952086e-18,1.0,1.8791045e-18,2.2279088e-35
8320442902,0.0,1.0,0.0,0.0
8320486272,3.717137e-20,1.0,4.4918596e-33,3.9015692e-25
8320510052,0.0,0.0,1.0,0.0
8320526963,0.0,1.0,0.0,0.0
8320545032,7.698043e-12,1.0,1.949165e-20,1.0571754e-17
8320567292,0.0,1.0,0.0,0.0
8320590542,1.8020899e-38,1.0,0.0,2.1125e-41
8320641662,9.954604e-14,1.0,1.2207323e-31,1.387128e-24
8320641673,1.7108384e-27,1.0,3.2519073e-22,4.4534164e-27
8320694352,0.0,1.0,7.65e-43,0.0
8320714842,2.0995825e-21,1.0,3.4913912e-21,0.0
8320784483,0.0,9.047104e-25,1.0,0.0
8320784523,0.33333334,0.6666667,0.0,0.0
8320825093,1.1047924e-33,1.0,8.1292664e-22,0.0
8320875292,0.0,1.0,0.0,0.0
8320956722,1.1490263e-37,0.5,0.5,9.239166e-31
8321008622,5.39235e-39,1.0,1.368e-42,0.0
8321028492,2.0001059e-28,1.0,5.0372855e-37,2.199e-42
8321038642,0.33333334,0.6666667,1.7756609e-26,0.0
8321317263,0.5,0.5,5.696958e-36,1.2214957e-29
8321337452,1.0033595e-36,1.0,0.0,2.3649122e-37
8321390623,0.0,0.0,1.0,0.0
8321390642,0.0,1.0,1.7526194e-30,0.0
8321436662,0.0,1.0,4.104811e-36,4.916e-41
8321519282,0.5,0.5,0.0,0.0
8321598633,5.6551127e-33,1.0,0.0,0.0
8321609762,0.0,1.0,0.0,0.0
8321686192,0.0,1.0,0.0,0.0
8321686642,0.0,1.0,1.1566494e-29,0.0
8321695372,0.0,1.0,0.0,0.0
8321747472,0.0,1.0,0.0,0.0
8321910083,2.6858163e-14,1.0,2.6035956e-14,3.0706154e-21
8321933403,0.0,1.0,0.0,0.0
8321996672,0.0,0.0,1.0,0.0
8322077072,0.0,1.0,3.2312954e-28,5.3908624e-27
8322101153,3.7194423e-34,1.0,1.02864e-40,0.0
8322101343,0.0,1.0,2.539067e-38,2.88625e-40
8322167053,0.0,1.0,0.0,0.0
8322168793,0.0,0.5,0.5,0.0
8322176072,1.0,0.0,0.0,0.0
8322234292,0.0,1.0,1.1090313e-19,1.10501634e-32
8322285102,3.926535e-27,1.0,3.4950862e-15,0.0
8322296522,4.5366735e-33,1.0,6.7529e-41,6.283835e-26
8322324952,0.0,0.5,0.5,0.0
8322324962,0.0,1.0,0.0,0.0
8322340032,5.5645646e-31,1.3485e-41,1.0,0.0
8322345192,0.0,0.0,1.0,0.0
8322349092,0.0,1.0,0.0,0.0
8322403452,0.0,1.0,9.434981e-35,4.8006373e-37
8322462643,0.0,8.463612e-31,1.9675525e-26,1.0
8322493182,0.0,1.0,0.0,0.0
8322502832,0.5,0.5,0.0,0.0
8322524102,0.0,0.0,1.0,0.0
8322578083,0.0,0.0,0.0,1.0
8322636552,1.0,0.0,0.0,0.0
8322665922,1.18905515e-33,4.0516e-41,0.0,1.0
8322756622,0.0,1.0,0.0,0.0
8322818522,0.0,0.0,0.0,1.0
8322897572,0.0,1.0,4.8700957e-32,0.0
8323018393,0.0,0.0,1.0,0.0
8323018462,0.0,1.0,0.0,0.0
8323106553,1.40608e-26,1.0,2.631369e-24,1.5e-44
8323189943,2.1994007e-35,0.5,0.5,3.591961e-34
8323268673,0.0,0.0,0.0,1.0
8323517712,0.0,0.0,1.0,0.0
8323534452,0.0,1.0,0.0,0.0
8330172662,1.8742649e-36,4.50081e-37,1.0,0.0
8410162943,8.62727e-34,1.0,0.0,1.1771e-41
8420160082,8.541805e-30,1.0,2.8775536e-25,3.1345087e-25
8420221053,4.631754e-16,1.0,0.0,3.9578005e-19
8420385742,7.907435e-28,1.0,9.12e-43,7.983895e-31
8420396972,3.3935705e-36,1.0,0.0,4.8e-44
8420401502,2.90097e-36,1.0,8.623692e-17,2.0639835e-19
8420431492,1.4175808e-18,1.0,9.2146085e-24,3.1134384e-21
8420431632,8.85029e-23,1.0,7e-45,1.0278399e-20
8420431682,0.0,0.5,0.5,0.0
8420589272,0.0,1.0,0.0,0.0
8420635742,0.0,1.0,4.184178e-27,1.789266e-24
8420656732,1.0,0.0,0.0,1.9826886e-34
8420725752,1.0,0.0,0.0,0.0
8420725813,0.0,0.5,0.5,0.0
8420725823,0.5,4.106e-42,0.5,1.5155458e-34
8420749233,4.011e-41,1.0,1.64823e-39,0.0
8420939312,6.1069e-41,1.0,6.2491154e-29,1.3099077e-26
8420956583,7.7551065e-22,1.0,2.05772e-17,7.582549e-28
8421007022,2.698831e-34,1.0,1.9476083e-32,9.111659e-26
8421075873,1.0,0.0,0.0,0.0
8421128422,3.5622607e-26,1.0,1.6491109e-23,4.383752e-23
8421128852,0.0,0.0,1.0,0.0
8421370703,0.0,1.0,1.114e-42,3e-45
8421395462,3.45428e-27,1.0,3.692179e-12,5.372408e-19
8421401833,1.0,0.0,0.0,0.0
8421401932,0.0,1.0,1.71331e-40,0.0
8421500723,0.0,1.0,0.0,0.0
8421540412,1.380926e-19,1.0,0.0,0.0
8421598193,0.0,1.0,3.99101e-40,2.336e-42
8430112922,0.0,1.0,0.0,1e-44
8430185752,0.5,0.5,1.9923865e-23,1.3637916e-34
8510312623,0.0,1.0,0.0,0.0
8510335612,4.349034e-23,1.0,4.8314044e-29,1.2123908e-24
8520211272,1.6381948e-23,6.359451e-36,1.149e-42,1.0
8520237282,0.0,1.0,0.0,0.0
8520335702,0.0,0.0,1.0,0.0
8520335733,1.0,0.0,0.0,0.0
8520608972,2.585809e-31,1.0,5.532684e-25,0.0
8520638062,0.33333334,0.66665614,1.053702e-05,1.5966036e-19
8520750352,0.0,0.6,0.4,0.0
8520896873,8.0246286e-21,1.0,1.8403096e-16,1.6256203e-33
8521046222,2.2137581e-30,0.5,0.5,3.7306855e-22
8521250202,0.0,1.0,1.9021547e-28,5.5031757e-24
8521283042,0.0,0.0,1.0,0.0
8521283082,0.0,3.945589e-27,6.8711174e-29,1.0
8521293142,0.0,1.0,2.1153236e-35,1.018918e-38
8521338773,0.0,1.0,0.0,0.0
8521338783,2.5650826e-21,1.0,0.0,4.1570406e-25
8521399233,0.0,1.0,0.0,0.0
8521616512,0.0,1.993762e-34,1.3e-44,1.0
8521668632,9.16054e-22,1.0,8.9150815e-37,3.2860853e-23
8521712022,0.0,0.0,1.0,0.0
8521786973,0.0,0.0,1.0,1.72285e-40
8521822872,2.8136873e-31,1.7856919e-25,1.0,5.6885085e-17
