lake_id,arc1,arc2
1150001092,1.0,1.2455764e-27
1150002502,1.0,2.4778225e-28
1150003802,1.0,7.4001795e-35
1150004092,1.0,3.273365e-36
1150005262,1.0,3.463631e-37
1150005972,1.0,8.4713143e-20
1150007303,1.0,6.2278797e-24
1150008332,1.4e-44,1.0
1160000282,0.0,1.0
1170006442,1.0,6.997955e-37
1170013972,1.0,9.776937e-21
1220005463,0.0,1.0
1220013612,0.0,1.0
1220053053,0.25,0.75
1220056903,0.0,1.0
1230009732,1.0,7.7163275e-23
1240009142,1.0,2.0154685e-37
1240018052,0.0,1.0
1250010552,0.0,1.0
1250034252,1.0,9.828809e-35
1250051122,0.0,1.0
1250064892,0.0,1.0
1270041163,0.0,1.0
1270045763,1.0,8.306e-41
1270054173,0.0,1.0
1320023692,1.0,0.0
1320023702,0.5,0.5
1320028172,1.0,3.0867412e-25
1320031272,1.0,5.8088913e-34
1320031292,1.0,1.9681409e-38
1320035402,1.0,3.656134e-29
1320035532,1.0,1.4963475e-11
1320036032,0.0,1.0
1320036142,0.0,1.0
1320037342,0.9999987,1.298873e-06
1320040872,1.0,1.1983835e-29
1330003052,1.0,0.0
1330006212,1.0,0.0
1330007723,1.0,0.0
1330008533,1.0,0.0
1330008622,1.0,0.0
1330010923,1.0,8.7023493e-38
1330015103,0.0,1.0
1420040083,1.0,2.8994684e-34
1420043703,1.0,0.0
1420049113,0.49999988,0.5000001
1430002253,0.9999993,7.1997425e-07
1430002872,0.0,1.0
1430004273,0.0,1.0
1430005083,0.0,1.0
1440001863,0.6666667,0.33333334
1450003703,1.0,0.0
1450009233,0.0,1.0
1450009543,1.0,0.0
1450009923,0.0,1.0
1450011142,0.0,1.0
1450014203,0.6666667,0.33333334
1460002782,3.571903e-29,1.0
1460009393,1.0,0.0
1510001923,1.0,0.0
1530004152,0.0,1.0
1530011512,1.0,1.1794734e-18
1530012122,0.0,1.0
1540002042,1.0,0.0
1620004522,1.0,2.2288351e-38
1620008282,1.0,5.0837143e-21
1620023612,1.0,2.331066e-36
1620031802,1.0,6.7160407e-38
1620032342,1.0,3.688691e-29
1620034183,1.0,8.86579e-40
1720001282,1.0,3.596908e-39
1720003902,1.0,1.3327525e-13
1720003932,1.0,7.22852e-39
1720004433,0.0,1.0
1720004453,2.2e-43,1.0
1720010272,0.0,1.0
1720010283,0.5,0.5
1720033122,1.0,2.9154512e-11
1720042152,1.0,2.102428e-20
1720046943,1.0,2.2229514e-30
1720052653,1.0,0.0
1720054503,1.0,0.0
1720056903,0.0,1.0
1810030972,1.0,8.638071e-34
1810042913,0.0,1.0
2110011792,0.0,1.0
2110020813,1.0,0.0
2110024562,0.5,0.5
2110026463,1.0,0.0
2130000053,0.0,1.0
2130000103,1.0,2.7157887e-34
2130002132,1.0,1.48016e-40
2130004282,2.0819518e-32,1.0
2130004742,1.0,0.0
2130024252,0.0,1.0
2130026062,1.0,1.9613761e-20
2140010713,1.0,4.8763744e-34
2140014592,1.0,1.0252776e-15
2140016022,1.0,5.986015e-28
2150000032,0.0,1.0
2150005082,1.0,1.5662866e-30
2160009382,1.0,3.371871e-18
2160009923,1.0,0.0
2160020822,1.0,0.0
2160026602,0.0,1.0
2160046863,0.5,0.5
2220000093,1.0,0.0
2220014373,0.0,1.0
2220020922,1.0,0.0
2220029372,0.0,1.0
2230005753,1.0,2.5473018e-32
2230021903,0.5,0.5
2230037623,0.6666667,0.33333334
2230043572,0.99999964,3.2634935e-07
2230044463,1.0,5.568414e-13
2230062373,0.0,1.0
2230073093,1.0,0.0
2240003112,1.0,0.0
2250031083,0.0,1.0
2250031093,0.75,0.25
2250085593,0.25,0.75
2250088883,0.5,0.5
2250088893,0.0,1.0
2260001413,0.5,0.5
2260031502,1.0,0.0
2260033822,0.0,1.0
2270044473,1.0,8.696243e-38
2270102272,0.0,1.0
2270141422,1.0,5.20407e-22
2280007082,1.0,0.0
2310000123,1.0,0.0
2310000133,1.0,0.0
2310000143,1.0,0.0
2310015232,1.0,0.0
2310028243,1.0,0.0
2310028773,1.0,0.0
2320145123,1.0,2.3089255e-34
2320145143,0.0,1.0
2320145153,1.0,5.2060028e-27
2320145163,1.0,7.957843e-37
2320145183,0.0,1.0
2320146452,1.0,1.1162602e-25
2320253402,0.8339138,0.16608627
2330041242,1.0,0.0
2330042812,0.0,1.0
2330073342,1.0,0.0
2340000023,1.0,2.6929751e-19
2340009563,1.0,0.0
2340009603,1.0,0.0
2340009652,1.0,1.0178544e-14
2410000012,1.0,0.0
2420056183,1.0,1.3499281e-25
2420103152,1.0,1.9206e-41
2420169883,1.0,0.0
2420171232,1.0,1.1614907e-37
2420190622,1.0,3.634228e-39
2420198012,1.0,3.19307e-40
2420211453,0.0,1.0
2420211473,0.0,1.0
2420216142,1.0,1.755514e-33
2420223932,0.0,1.0
2420247492,1.0,5.760076e-21
2430013653,0.5,0.5
2430018852,0.99999774,2.3123425e-06
2430022262,0.5,0.5
2430032542,1.0,2.973973e-08
2430040072,1.0,2.3250034e-26
2430049102,0.5,0.5
2430049112,1.0,1.6653566e-32
2430050912,0.0,1.0
2430052952,1.0,3.7309203e-36
2430082632,0.0,1.0
2430089002,0.5,0.5
2430089012,1.0,2.1432358e-14
2430089022,1.0,1.0033286e-29
2430090182,1.0,2.6819764e-36
2430090663,0.5,0.5
2430092802,1.0,0.0
2430094883,1.0,9.3e-43
2430107363,1.0,8.958991e-12
2430107373,1.0,0.0
2430109252,1.0,0.0
2430120303,1.0,0.0
2430120723,1.0,8.234181e-33
2430120922,1.0,2.243e-42
2430130682,1.0,3.4571207e-31
2430132242,0.0,1.0
2430149483,1.0,1.7166095e-14
2430149783,1.0,0.0
2430149842,0.0,1.0
2430152152,1.0,9.430099e-25
2430156432,0.438911,0.56108904
2430156902,0.0,1.0
2430166882,1.0,7.0660805e-32
2430175082,1.0,1.3753172e-21
2430180142,0.0,1.0
2430182622,1.0,4.3047763e-21
2430182692,1.0,1.8476719e-29
2430185162,1.0,1.9367085e-26
2430186442,0.33333334,0.6666667
2430190002,1.0,9.686514e-34
2430215162,0.5,0.5
2430215172,1.0,2.968385e-27
2430215182,0.5,0.5
2430215192,0.0,1.0
2430215202,1.0,3.045131e-31
2430215282,1.0,1.2712992e-16
2430219873,1.0,5.262019e-30
2430219882,0.0,1.0
2430231332,1.0,3.858359e-39
2430231562,0.5,0.5
2430231573,0.0,1.0
2430231583,0.0,1.0
2430232482,1.0,1.0036285e-34
2430235743,1.0,0.0
2430269732,4.442e-42,1.0
2430269883,1.0,3.16867e-39
2430276873,0.0,1.0
2430279392,0.0,1.0
2430281272,0.0,1.0
2430281932,0.5,0.5
2430301672,1.0,1.52592585e-27
2430304182,1.0,6.404126e-35
2430306733,0.0,1.0
2430308852,1.0,3.9851936e-33
2430314662,1.0,3.7339427e-34
2430315713,1.0,6.6164177e-28
2430323663,0.0,1.0
2430340143,1.0,0.0
2430341053,1.0,2.1936698e-30
2430341733,1.0,0.0
2430341843,1.0,3.9751515e-36
2430360692,1.0,4.043e-42
2430367792,0.0,1.0
2430368042,1.0,4.232e-42
2430369432,1.0,6.639844e-39
2430369582,1.0,3.9e-44
2430378782,1.0,6.5655646e-25
2430382423,1.0,1.0042223e-26
2430382503,1.0,2.090096e-36
2430382882,0.9999963,3.7317393e-06
2430401062,1.0,9.86856e-12
2430411422,1.0,2.732698e-18
2430413382,0.0,1.0
2430432123,0.0,1.0
2430432293,0.0,1.0
2430434302,1.0,0.0
2430440632,1.0,4.3e-43
2430440642,1.0,0.0
2430440752,1.0,2.7726073e-20
2430440872,1.0,0.0
2430441233,0.0,1.0
2430455603,0.0,1.0
2430455613,1.0,5.2618545e-24
2440001572,1.0,0.0
2440003262,1.0,1.6796393e-27
2440022513,0.0,1.0
2440038652,1.0,1.003e-42
2440044402,1.0,4.4769547e-38
2440060322,0.5,0.5
2440072192,0.0,1.0
2440083022,0.0,1.0
2440083233,1.0,0.0
2440083892,1.0,2.3723963e-17
2440101662,1.0,4.549762e-24
2440101722,1.0,3.6787382e-16
2440119262,1.0,4.490928e-39
2440119282,1.0,3.6550733e-22
2440119292,0.0,1.0
2440129103,0.0,1.0
2440148013,1.0,6.762322e-36
2440166072,0.0,1.0
2440177782,0.66665614,0.33334392
2440178993,1.0,0.0
2440192373,1.0,2.447243e-23
2440201692,1.0,5.16813e-40
2440208113,1.0,1.0324723e-29
2440208172,1.0,1.4052408e-25
2440214292,1.0,1.5209222e-27
2440224732,1.0,1.3561307e-25
2440247662,1.0,5.6225857e-37
2440257232,0.0,1.0
2440260052,1.0,1.3e-44
2440260062,1.0,0.0
2440260082,0.0,1.0
2440260193,0.0,1.0
2440260203,0.0,1.0
2440260723,0.0,1.0
2440261452,0.5,0.5
2440269892,0.0,1.0
2440273723,0.0,1.0
2440273823,0.0,1.0
2440286252,1.0,0.0
2440301942,0.5,0.5
2440302392,1.0,3.9512112e-25
2440306332,1.0,2.7247302e-29
2440309333,1.0,4.10213e-23
2440309963,0.0,1.0
2440314082,1.0,0.0
2440314093,0.0,1.0
2440317893,1.0,0.0
2440336582,1.0,2.168446e-28
2440337082,1.0,0.0
2440342142,1.0,4.532854e-24
2440348633,0.0,1.0
2440348643,1.0,1.937146e-14
2440366783,1.0,0.0
2440405553,1.0,0.0
2440410362,1.0,0.0
2440410472,0.2192896,0.7807104
2440459983,1.0,2.5560545e-23
2440460003,0.0,1.0
2440460032,1.0,4.0820037e-33
2440460043,1.0,0.0
2440507503,1.0,0.0
2440526623,0.33333334,0.6666667
2440550262,0.99999326,6.7320816e-06
2440554173,1.0,7.601575e-36
2510049812,0.0,1.0
2510096362,1.0,0.0
2510096382,1.7674554e-32,1.0
2510102502,0.0,1.0
2510122762,0.0,1.0
2510135443,1.0,0.0
2510136122,1.0,6.76882e-40
2510185563,1.0,4.1589e-41
2510185573,1.0,1.0193133e-33
2510217833,1.0,4.310008e-33
2510222253,1.0,7.135874e-28
2510224962,1.0,3.6461987e-24
2510243713,1.0,0.0
2510314642,1.0,0.0
2510330583,0.0,1.0
2510353392,1.0,7.993508e-09
2510354132,1.0,2.6701488e-33
2520008153,5.139e-42,1.0
2520032702,1.0,2.5010811e-19
2520037763,0.5,0.5
2520037773,0.5,0.5
2520037783,1.0,4.890077e-22
2520038172,1.0,1.6246507e-33
2520038342,0.0,1.0
2520038352,0.0,1.0
2520040072,1.0,0.0
2520062032,0.0,1.0
2520062052,1.0,0.0
2520066973,1.0,0.0
2520079683,1.0,1.0426256e-19
2520079692,0.0,1.0
2520080903,0.0,1.0
2520080913,1.0,2.2336132e-10
2520087493,1.0,1.0753791e-31
2520102532,1.0,8.8039584e-30
2520103743,0.0,1.0
2520113562,0.5,0.5
2520113573,0.0,1.0
2520113582,0.33333334,0.6666667
2520114062,1.0,1.3637828e-27
2520115212,0.0,1.0
2520130442,0.5,0.5
2520142262,0.0,1.0
2520143252,1.0960275e-33,1.0
2520143632,1.0,0.0
2520178512,1.0,9.280024e-21
2520179593,0.0,1.0
2520180252,1.0,6.7323358e-21
2520185443,1.0,0.0
2520200032,1.0,1.6187419e-34
2520239232,0.0,1.0
2520333172,1.0,6.8401252e-37
2520338332,1.0,1.0602001e-20
2520378862,0.5,0.5
2520476083,1.0,0.0
2520499433,0.6666667,0.33333334
2520554813,0.0,1.0
2520554833,0.0,1.0
2520593073,0.0,1.0
2520608952,1.0,0.0
2520620013,1.5052966e-28,1.0
2520620023,1.0,9.169916e-28
2520679082,0.99998635,1.3662921e-05
2610002533,1.0,4.5800815e-38
2610002593,1.0,1.2632716e-20
2610003833,0.9999988,1.2113127e-06
2610010992,1.0,4.6557426e-37
2610023253,1.0,3.272441e-36
2610648533,0.0,1.0
2610862152,1.0,0.0
2710010892,0.0,1.0
2710010982,1.0,5.853357e-19
2710036202,1.0,2.1095587e-38
2710037483,1.0,0.0
2830059033,0.0,1.0
2830059982,1.0,4.538495e-39
2830060712,1.0,1.101e-42
2830061663,0.0,1.0
2830061673,1.0,2.2172281e-13
2830061713,0.0,1.0
2830073763,0.0,1.0
2830082372,1.0,1.04e-43
2830087223,0.0,1.0
2830088363,0.0,1.0
2830088393,0.0,1.0
2830092882,1.0,1.28420535e-17
2830092932,1.0,2.0184385e-22
2830115343,0.25,0.75
2830122013,1.0,0.0
2830122033,0.5,0.5
2830141973,1.0,0.0
2830161773,0.0,1.0
2830189663,0.5,0.5
2830192803,0.0,1.0
2830192823,1.0,0.0
2830215213,0.75,0.25
2830219662,1.0,2.415521e-17
2840011152,1.0,1.1387497e-33
2840047123,1.0,0.0
2940009473,1.0,0.0
3110121362,0.0,1.0
3110216873,1.379292e-32,1.0
3110218312,0.0,1.0
3110271062,1.0,0.0
3110291362,4.6495447e-31,1.0
3110297692,0.0,1.0
3110392953,0.5,0.5
3110393282,1.0,0.0
3110436623,5.974882e-28,1.0
3110444022,0.0,1.0
3110456142,1.0,1.18875e-40
3110503733,0.0,1.0
3110503862,1.0,0.0
3110503923,0.0,1.0
3110505772,2.3587328e-21,1.0
3110505812,6.294725e-34,1.0
3110515882,0.0,1.0
3110701252,1.0,1.2267819e-14
3120011912,1.0,1.0328169e-33
3120018132,1.0,4.06824e-36
3120022063,1.0,0.0
3120029362,1.0,0.0
3120033243,1.0,9.4628386e-36
3120047852,1.0,1.25143e-40
3120066572,1.0,7.2988e-41
3120077592,1.0,0.0
3120078093,0.0,1.0
3120095252,1.0,1.3088558e-38
3120098352,0.0,1.0
3120103772,1.0,1.0803412e-25
3120122883,0.0,1.0
3120128063,1.0,0.0
3120128853,0.0,1.0
3120129522,0.0,1.0
3120147883,0.5,0.5
3120384652,1.0,9.9240415e-37
3120385802,0.5,0.5
3120391892,1.0,1.74669e-39
3120392992,0.0,1.0
3120405862,1.0,2.7276077e-21
3120406572,1.0,1.9118668e-35
3120406672,1.0,4.557842e-23
3120450362,0.0,1.0
3120453312,1.0,0.0
3120461902,1.0,5.641405e-11
3120473162,1.0,1.1769944e-37
3120478402,0.0,1.0
3120498532,1.0,1.533389e-27
3120502882,1.0,2.3153901e-27
3120503042,1.0,1.724857e-28
3120505582,0.5,0.5
3120520462,0.0,1.0
3120523712,1.0,4.253e-42
3120523772,1.0,4.9832723e-30
3120539933,0.0,1.0
3120540053,0.0,1.0
3120557742,1.0,3.3853982e-29
3120567142,1.0,1.048e-41
3120572732,0.0,1.0
3120584972,0.0,1.0
3120601283,1.0,0.0
3120626313,1.0,4.6150363e-30
3120680662,0.0,1.0
3120687292,0.0,1.0
3120822532,0.0,1.0
3120828372,1.0,8.6939944e-29
3120871962,0.0,1.0
3121156152,1.0,3.826738e-33
3121385772,0.5,0.5
3121887562,1.0,0.0
3122014202,1.0,1.0832095e-17
3122033242,1.0,6.5392723e-24
3130053242,0.0,1.0
3130232442,1.0,9.670393e-24
3130983863,0.0,1.0
3131012802,1.0,0.0
3131024843,0.5,0.5
3131169262,2.4289734e-33,1.0
3131281782,1.0,0.0
3131381512,1.0,2.8782876e-19
3131403082,1.0,0.0
3210310173,0.0,1.0
3210332032,0.0,1.0
3210346223,7.053716e-18,1.0
3210349982,1.0,0.0
3210359603,0.0,1.0
3210387573,0.0,1.0
3220043772,0.0,1.0
3220161283,2.358948e-17,1.0
3220183892,0.0,1.0
3220190992,1.1274876e-14,1.0
3220357273,0.75,0.25
3220418062,0.5,0.5
3220421732,0.0,1.0
3220432372,0.0,1.0
3220436192,1.0,8.862222e-29
3220438652,1.0,7.64478e-38
3220438813,0.0,1.0
3220438853,0.5,0.5
3220438873,5.751038e-23,1.0
3220479712,1.0,1.39554e-39
3220484042,1.0,2.3494294e-21
3220484113,1.0,1.8969863e-30
3220484382,8.18808e-40,1.0
3220493713,0.071428575,0.92857146
3220509363,0.0,1.0
3220586493,0.0,1.0
3220586683,0.0,1.0
3220589233,0.0,1.0
3220598173,0.0,1.0
3220620962,1.0,3.434834e-34
3220632283,0.85714287,0.14285715
3310011463,0.0,1.0
3310015943,0.0,1.0
3310084193,0.0,1.0
3310084253,0.33333334,0.6666667
3310245672,1.0,0.0
3310254062,1.0,0.0
3310335463,6.12963e-26,1.0
3310336453,0.0,1.0
3310341183,0.6666667,0.33333334
3310341303,1.3905845e-36,1.0
3310672413,4.9380933e-26,1.0
3310775702,1.0,0.0
3310947002,0.0,1.0
3310978512,1.0,3.3876233e-27
3311012943,0.0,1.0
3311041852,0.0,1.0
3311052542,0.0,1.0
3311054592,0.0,1.0
3311061763,4.9107045e-11,1.0
3311067592,0.0,1.0
3311269062,1.0,1.1412228e-13
3311353493,0.21428573,0.7857143
3311377492,1.0,0.0
3311403562,0.0,1.0
3311422922,0.0,1.0
3311471362,0.5,0.5
3311648132,1.0,6.0149205e-37
3311653482,1.0,0.0
3320000032,1.0,0.0
3420000132,1.0,1.9854501e-35
3420044672,1.0,0.0
3420059213,0.2,0.8
3510136202,0.5,0.5
3510176963,1.0,0.0
3510476873,0.0,1.0
3510528312,0.0,1.0
3510542092,1.0,0.0
3510622612,0.0,1.0
3510682482,1.0,1.7427085e-27
3510739553,1.0,0.0
3510759422,0.5,0.5
3510776452,1.0,0.0
3510787993,1.0,0.0
3510793322,0.0,1.0
3510828082,1.0,0.0
3510947902,1.0,2.5226455e-34
3510947922,1.0,0.0
3510953522,1.0,1.8933935e-22
3510953582,1.0,1.0132258e-35
3510979872,1.0,9.767811e-27
3510982562,1.0,0.0
3510983502,1.7658304e-33,1.0
3510991152,1.0,5.9357924e-33
3511001292,0.0,1.0
3511006532,1.0,0.0
3511069482,1.0,0.0
3511070513,0.0,1.0
3511110222,1.0,0.0
3511112742,1.0,0.0
3511146012,1.0,0.0
3511153152,1.0,2.8687256e-29
3511170892,1.0,2.4455451e-20
3511197482,1.0,0.0
3511247402,1.0,0.0
3511251802,1.0,2.8976233e-33
3511253292,1.0,0.0
3511254132,1.0,0.0
3511265642,1.0,2.2634823e-18
3511310752,1.0,0.0
3511321032,1.0,0.0
3511357182,1.0,3.4571425e-26
3511371932,1.613858e-20,1.0
3511376432,1.0,0.0
3511543362,0.0,1.0
3511549682,0.0,1.0
3511551452,1.0,0.0
3511556242,0.0,1.0
3511559212,1.0,0.0
3511570732,1.0,0.0
3511580162,0.0,1.0
3511583732,0.0,1.0
3511627802,0.0,1.0
3511688602,6.073911e-31,1.0
3511694922,1.0,1.8067753e-15
3511702072,1.0,0.0
3511702202,1.0,0.0
3530091932,1.0,0.0
3530219512,1.0,0.0
3540018212,1.0,6.540729e-36
3540089062,0.0,1.0
3540100433,0.5,0.5
3540101083,1.0,0.0
3540377992,1.0,0.0
3540384953,0.0,1.0
3540385913,1.0,0.0
3540435442,1.0,0.0
3540435492,1.0,0.0
3540435882,1.0,0.0
3540530093,0.75,0.25
3610009182,1.0,2.499577e-39
3610014392,1.0,2.0882206e-16
3610015842,1.0,2.1320883e-32
3610016082,1.0,1.2128974e-38
3610016552,1.0,3.7637375e-38
3610018753,1.0,1.4185858e-18
3610019913,0.0,1.0
3610020002,1.0,3.7076153e-33
3610020032,0.5,0.5
3610020603,1.0,3.171987e-16
3610020693,1.0,5.515806e-39
3610020732,1.0,1.0698638e-38
4110003872,1.0,0.0
4110023132,0.5,0.5
4130024772,1.0,2.2216534e-13
4130049563,1.0,3.2884277e-17
4130049733,1.0,0.0
4210006362,1.0,0.0
4220000672,0.99999994,5.4870604e-08
4220033403,1.0,1.224e-41
4220034482,0.0,1.0
4220038063,1.0,0.0
4220044573,1.0,9.089644e-12
4220046972,1.0,4.115453e-23
4220050752,0.0,1.0
4220053202,1.0,5.5523423e-19
4220058172,0.0,1.0
4220065092,1.0,1.2391778e-28
4220092222,1.0,1.6995101e-34
4220096262,0.0,1.0
4220108642,1.0,9.4232693e-17
4220109932,1.0,4.8700638e-15
4220147393,1.0,0.0
4220147802,0.0,1.0
4220157453,0.6666667,0.33333334
4220157553,0.0,1.0
4220177333,0.0,1.0
4220201743,0.0,1.0
4220201853,0.0,1.0
4220201902,0.0,1.0
4240026892,1.0,0.0
4240037933,1.0,0.0
4240072063,1.0,0.0
4240072343,1.0,0.0
4240076723,1.0,3.8230273e-28
4240080993,1.0,0.0
4240085763,0.0,1.0
4310018012,1.0,0.0
4310025392,0.0,1.0
4310036572,1.0,1.68796e-40
4320000782,0.5,0.5
4320001003,1.0,1.7315594e-38
4320017542,1.0,2.179393e-35
4320068453,3.0492933e-38,1.0
4320069933,1.0,4.9e-44
4320078173,1.0,5.688624e-22
4330027863,1.0,9.326694e-28
4340054883,1.0,2.1635225e-27
4340065462,1.0,5.3692678e-36
4340204363,9.748447e-21,1.0
4340204393,1.0,2.666652e-22
4340241952,0.0,1.0
4340246343,0.0,1.0
4340270623,0.0,1.0
4340276603,1.0,0.0
4340299353,1.0,1.226759e-16
4340299363,0.0,1.0
4340299372,1.0,1.1358129e-25
4340326662,1.0,9.263471e-36
4340328142,0.5,0.5
4340330183,0.0,1.0
4340335182,1.0,6.340384e-37
4340382413,1.8093869e-28,1.0
4340432853,1.0,0.0
4340445293,3.1990864e-26,1.0
4340475802,1.0,9.699024e-39
4340477003,0.0,1.0
4340509682,1.1271169e-38,1.0
4340546772,0.0,1.0
4340622852,0.0,1.0
4340623112,0.0,1.0
4340623293,2.6133624e-30,1.0
4340628992,0.0,1.0
4340669812,1.0513327e-23,1.0
4340680303,0.0,1.0
4340709403,1.0,1.1512725e-25
4340844363,2.148e-42,1.0
4340860263,0.0,1.0
4340860912,1.0,2.93e-43
4340861122,1.0,3.4867124e-16
4340861563,1.0,0.0
4340861573,1.0,0.0
4340861583,0.0,1.0
4340964753,1.0,0.0
4340964773,1.823486e-27,1.0
4350013953,1.0,4.1516407e-38
4350030352,2.414472e-31,1.0
4350082943,0.0,1.0
4350083013,0.0,1.0
4350115813,0.5,0.5
4360031383,1.0,5.575803e-39
4360031453,1.0,0.0
4360081733,0.0,1.0
4360081742,0.0,1.0
4360264243,6.0059067e-23,1.0
4410022563,1.0,0.0
4420000352,1.0,1.169287e-39
4420024363,0.0,1.0
4420129413,1.0,3.767575e-37
4420130043,0.0,1.0
4420181693,1.0,0.0
4420183552,1.0,5.2576114e-35
4430032752,1.0,0.0
4440006173,1.0,0.0
4440007103,1.0,0.0
4440035212,1.0,0.0
4440045933,1.0,2.8711501e-33
4440046642,1.0,0.0
4440053563,1.0,0.0
4440057693,1.0,0.0
4450006332,1.0,9.208305e-27
4450026722,1.0,0.0
4450046473,0.0,1.0
4520054923,1.0,0.0
4520056353,0.0,1.0
4520075482,1.0,3.96357e-40
4520104473,1.0,5.7e-44
4520174233,0.5,0.5
4520318083,0.5,0.5
4520320912,0.0,1.0
4520321112,1.0,9.082012e-36
4520431812,0.0,1.0
4520506872,0.0,1.0
4520537123,1.0,1.957604e-39
4530088623,1.0,0.0
4530106663,1.0,1.1318331e-26
4530132153,1.0,1.1377935e-27
4530154843,0.5,0.5
4530179013,0.0,1.0
4530185723,1.0,2.1126006e-25
4530185793,0.9258214,0.0741786
4530247173,1.0,1.5369035e-26
4530322212,0.0,1.0
4530347283,0.5,0.5
4530481472,0.0,1.0
4530487643,0.0,1.0
4530612753,1.0,0.0
4530657533,0.0,1.0
4530661893,0.0,1.0
4530662143,1.0,4.1973615e-22
4540010073,0.0,1.0
4540027783,1.0,0.0
4540042523,0.0,1.0
4540068343,2.1226617e-14,1.0
4550051802,0.0,1.0
4550056472,0.0,1.0
4550096182,0.0,1.0
4560009422,1.0,2.4252083e-23
4560016383,1.0,1.4046177e-27
4560036213,0.0,1.0
4560038452,1.0,1.4698738e-32
4560038982,1.0,8.054404e-39
4560041012,1.0,1.9697394e-17
4560042003,0.5,0.5
4560056503,1.0,0.0
4580004952,1.0,0.0
4580021702,0.0,1.0
4580035352,1.0,0.0
4580051292,1.0,0.0
4610001882,1.0,3e-44
4610009282,0.0,1.0
4610010202,1.0,1.5264448e-26
4610032273,1.0,4.8395433e-30
4610032402,1.0,0.0
4610033562,1.0,4.9964e-25
4610055042,0.5,0.5
4610055052,1.0,0.0
4610057062,1.0,3.363196e-27
4620005313,0.0,1.0
4620014182,0.33333334,0.6666667
4620022352,1.0,6.254e-42
4620022872,0.0,1.0
4620033793,1.0,1.22e-43
4620036363,1.0,2.2021035e-12
4620036843,1.0,0.0
4630002392,1.0,2.2456e-41
4630005273,0.5,0.5
4630008512,1.0,3e-45
4630024492,0.083333336,0.9166667
4630057762,1.0,9.473417e-37
4630059582,1.0,5.3502e-41
4630060642,0.5,0.5
4820000422,0.0,1.0
4820005582,1.0,1.4732596e-31
4820007362,1.0,1.979714e-39
4820011732,1.0,8.323249e-38
4820016053,0.0,1.0
4820026673,0.5,0.5
4820034623,1.0,4.84765e-40
4820040032,1.0,3.7029144e-30
4820044662,0.0,1.0
4820045282,1.0,1.1695035e-35
4830000563,0.5,0.5
4830001563,1.0,2.2266766e-38
4830001963,1.0,0.0
4830002862,1.0,1.0433731e-35
4830003512,1.0,4.5584726e-36
4830009082,1.0,2.024137e-29
4830014152,0.0,1.0
4910000012,1.0,0.0
4910001862,1.0,2.4037412e-36
4910002233,1.0,4.827944e-38
4910004042,0.0,1.0
4910004652,1.0,6.756929e-37
4910007842,1.0,4.8556143e-22
4910007982,1.0,3.898631e-39
4910008103,0.5,0.5
4910011242,2.0216744e-30,1.0
4910011482,1.0,6.827466e-19
4910013832,1.0,1.0319247e-37
4910014902,1.0,8.7823585e-37
4910015152,0.0,1.0
4910017642,1.0,3.7165366e-33
4910019542,1.0,6.640329e-38
4910020512,1.0,5.609395e-35
4910020542,1.0,4.7589972e-20
4910021003,1.0,2.784037e-39
4910024042,1.0,1.6501068e-21
4910025482,1.0,8.269733e-30
4910026052,1.0,4.041982e-39
4910029022,0.0,1.0
4910032392,1.0,1.1791437e-09
4910033142,0.5,0.5
4910033193,0.5,0.5
4910033242,1.0,4.6326914e-23
4910034873,1.0,1.00561055e-25
4910035132,1.0,0.0
4910035162,1.0,1.1507474e-37
4910036272,0.0,1.0
4910036662,1.0,3.4879506e-28
4910036843,1.0,1.3994883e-14
4910036923,0.5,0.5
4910038062,1.0,4.140362e-39
4910040982,1.0,4.358638e-39
4910046172,1.0,2.04661e-26
4910048032,1.0,3.025819e-22
4920000142,1.0,3.224116e-36
4920011382,1.0,1.4230804e-14
4920015862,1.0,4.2172256e-32
4920016552,1.0,2.1929336e-30
4920020112,1.0,4.772695e-39
4920025052,0.5,0.5
4920037722,1.0,8.058686e-29
4920072193,1.0,4.473454e-16
4920074422,1.0,6.1303386e-33
4920074612,1.0,1.1614691e-36
4920076602,1.0,2.3082481e-26
4920079192,1.0,2.7993164e-26
4920079922,0.0,1.0
4920080792,0.0,1.0
4920081352,1.0,2.4083873e-27
4920081472,1.0,2.721497e-39
4920081582,1.0,6.5702296e-31
4920081662,0.5000036,0.49999642
4920083432,1.0,5.8848923e-15
4920086243,1.0,1.417713e-37
4920086882,1.0,1.1307059e-20
4920093492,0.5,0.5
5110011512,1.0,1e-44
5240010743,1.0,2.5331927e-32
5310029733,1.0,0.0
5310030962,1.0,2.8032644e-30
5310040762,1.0,0.0
5310046543,1.0,3.04e-42
5310050162,1.0,0.0
5360000262,1.0,0.0
5610002942,0.0,1.0
5610010242,0.0,1.0
5610039703,1.0,0.0
5610074512,0.0,1.0
5620013993,1.0,1.4865263e-23
5630012932,0.0,1.0
5630030032,0.0,1.0
5630034093,0.0,1.0
5630034952,0.0,1.0
5630036173,0.0,1.0
5630040522,1.0,0.0
5630072442,1.0,0.0
5640001733,0.0,1.0
5640019263,1.0,1.5170206e-37
5690014272,0.0,1.0
5710000532,1.0,7.105351e-33
5710004693,1.0,1.1666224e-32
5710007353,0.0,1.0
5720005972,0.5,0.5
5720006083,1.0,1.5097826e-35
5720007732,0.0,1.0
5720011162,1.0,0.0
5720011253,1.0,6.857783e-23
6120000042,4.155e-42,1.0
6120004883,1.0,1.4204172e-18
6120016882,0.0,1.0
6120029222,0.0,1.0
6120039543,0.0,1.0
6120058162,0.0,1.0
6130002862,0.0,1.0
6130004092,0.0,1.0
6130019142,8.9427e-41,1.0
6130026602,1.0,5.894527e-39
6150098723,1.0,3.825161e-09
6150101712,1.0,1.0338946e-15
6150109662,1.0,0.0
6220048622,1.0,1.670936e-26
6220060582,1.0,1.5049196e-33
6220152892,1.0,2.9071626e-21
6220178832,1.0,3.0546923e-25
6220179252,1.0,1e-45
6220179472,1.0,2.4900782e-25
6220184472,1.0,4.62361e-40
6220191302,0.0,1.0
6220203722,1.0,8.787795e-10
6220206322,1.0,7.105274e-32
6220210392,1.0,1.6414628e-32
6220306033,1.0,0.0
6220306073,1.0,0.0
6220321573,1.0,0.0
6220351863,4.0493186e-29,1.0
6220352143,0.0,1.0
6220352313,1.0,0.0
6220353953,0.0,1.0
6220382853,1.0,6.358443e-25
6220405973,1.0,0.0
6220414293,0.0,1.0
6220415592,1.0,2.42562e-40
6220415633,0.0,1.0
6220416543,1.0,4.5852908e-32
6220431823,0.0,1.0
6220432703,0.0,1.0
6220434583,0.5,0.5
6220446683,0.0,1.0
6220447003,0.0,1.0
6220447132,0.0,1.0
6220449352,0.0,1.0
6220449422,0.0,1.0
6220449453,0.0,1.0
6220460253,0.33333334,0.6666667
6220468853,0.0,1.0
6220469253,4.915347e-33,1.0
6220469702,0.0,1.0
6220469862,0.0,1.0
6220471483,1.0,0.0
6220471493,0.0,1.0
6220471513,0.0,1.0
6220503743,1.0,1.832123e-39
6220503893,1.0,0.0
6220505512,0.0,1.0
6220506152,0.0,1.0
6220506183,0.0,1.0
6220506272,0.5,0.5
6220506363,1.4257813e-22,1.0
6220506373,1.0,0.0
6230000133,1.0,0.0
6240067663,1.0,3.4071143e-20
6240068023,0.5,0.5
6250004293,1.8326912e-27,1.0
6310010332,1.0,0.0
6310043542,1.0,0.0
6320006242,0.0,1.0
6320006943,1.0,1.1703239e-11
6330057553,1.5624723e-36,1.0
6340032833,0.0,1.0
6340036243,0.0,1.0
6340036253,1.0,0.0
6350001313,1.0,9.2428e-41
6350041623,1.0,0.0
6410011693,1.0,3.6633304e-33
6410063612,0.0,1.0
6410063653,1.0,0.0
6410063663,0.0,1.0
6410150523,1.0,3.843844e-39
6410181453,1.0,0.0
6410184592,1.0,0.0
6410206363,0.5,0.5
6410206463,1.0036719e-24,1.0
6420083532,1.0,0.0
6420084152,1.0,0.0
6420084162,1.0,0.0
6420086642,1.0,0.0
6420115102,9.642451e-28,1.0
6420123542,1.0,0.0
6420124472,1.0,0.0
6420163252,1.0,4.564396e-18
6420166872,1.0,3.792004e-35
6420198192,1.0,0.0
6420252653,0.0,1.0
6420289992,1.0,3.2775516e-13
6420297123,1.0,6.997923e-31
6420309953,1.0,0.0
6420321013,1.0,0.0
6420321073,1.0,0.0
6420321443,1.0,2.0479834e-27
6420321733,0.0,1.0
6420321803,1.0,9.628873e-31
6420321813,1.0,0.0
6420321833,0.5,0.5
6420321843,0.5,0.5
6420321853,1.0,1e-45
6420362692,1.0,2.6514005e-34
6420452233,0.5,0.5
6420452243,0.5,0.5
6420453513,1.0,1.8732954e-23
6420453523,1.0,2.2011943e-15
6420478343,1.0,3.5076753e-26
6420513243,1.3080772e-23,1.0
6420513263,1.0,5.6387343e-28
6420513353,0.5,0.5
6420513453,1.0,8.8540486e-23
6420513583,1.0,3.07541e-33
6420513593,0.5,0.5
6420513633,0.5,0.5
6420513643,0.0,1.0
6420513653,0.5,0.5
6420523362,1.0,2.1324138e-32
6420530103,1.0,0.0
6420530233,1.0,0.0
6440011952,1.0,4.1241398e-22
6440011962,1.0,5.82e-43
6440012322,1.0,1.2604165e-36
6440012983,0.0,1.0
6510003382,1.0,0.0
6510015472,3.2064223e-18,1.0
6510021102,1.0,1.086174e-21
6510050002,1.0,4.1e-43
6510050112,0.5,0.5
6510144772,0.0,1.0
6510185012,1.0,2.9922364e-20
6510228822,1.0,4.119124e-25
6520002383,0.0,1.0
6520008143,1.0,3.5340465e-30
6530024222,0.0,1.0
6530029102,0.0,1.0
6530029232,1.0,0.0
6530029323,0.33333334,0.6666667
6530029383,0.25,0.75
6530034913,1.0,2.2000535e-32
6530037053,1.0,2.336476e-12
6530063023,1.0,3.0463867e-38
6530063353,0.99998814,1.18882e-05
6530063603,0.0,1.0
6530064272,0.5,0.5
6530064763,1.0,6.4190393e-37
6530064943,0.5,0.5
6530068812,1.0,9.143772e-39
6530068853,1.0,7.1619845e-17
6530079823,1.0,0.0
6540008422,1.0,0.0
6540008452,1.0,0.0
6610024782,1.0,5.6122427e-27
6610029402,0.0,1.0
6610030062,1.0,6.093299e-23
6610045112,1.0,0.0
6610045672,1.0,0.0
6610047572,0.0,1.0
6610047582,0.5,0.5
6610047642,1.0,0.0
6610047672,0.33333334,0.6666667
6610047752,1.0,7.0779695e-35
6610082452,1.0,0.0
6610106032,0.0,1.0
6610112513,2.8350063e-30,1.0
6610112572,0.9999993,6.877778e-07
6610112613,1.0,2.4283833e-27
6610116952,1.0,0.0
6610125672,1.0,0.0
6610125693,0.66666627,0.33333373
6610140672,0.0,1.0
6610142963,1.0,2.228355e-19
6610145063,1.0,1.1835325e-21
6610147293,1.0,0.0
6610151773,1.0,2.4054229e-26
6610152183,1.0,1.7619757e-32
6610156233,0.0,1.0
6620000613,0.0,1.0
6620002553,0.5,0.5
6620002583,1.0,0.0
6620005912,0.0,1.0
6620007912,1.0,1.9067292e-38
6620015862,0.0,1.0
6620015943,1.0,2.2019588e-10
6640011942,1.0,4.127179e-24
6640022782,1.0,1.0474084e-11
6640025192,1.0,4.5124512e-36
6720062533,0.0,1.0
6720074062,1.0,0.0
7110009172,1.0,4.9922783e-20
7110009662,1.0,1.0523772e-31
7110012843,1.0,0.0
7110015792,1.0,1.6936035e-09
7110017272,1.0,5.036769e-36
7110023033,0.0,1.0
7110024722,1.0,0.0
7110029983,0.0,1.0
7110030142,1.0,2.4738936e-28
7110032542,1.0,2.7357047e-31
7110033002,1.0,2.444812e-12
7110033862,1.0,2.9532352e-37
7110041312,1.0,1.2189975e-37
7110044292,0.5,0.5
7110044502,0.5,0.5
7110044512,0.0,1.0
7110045352,0.0,1.0
7110057883,0.0,1.0
7110059603,0.5,0.5
7110061752,0.9999993,7.1703107e-07
7110061762,1.0,2.9267496e-19
7110068332,0.0,1.0
7110075512,1.0,7.303933e-26
7110081092,1.0,7.347349e-14
7110083453,0.5,0.5
7110083502,1.0,1.5206256e-28
7110084472,1.0,9.2997884e-38
7110084592,0.5,0.5
7110093032,1.0,8.592809e-28
7110106553,0.4998019,0.5001981
7110121632,1.0,1.4952598e-11
7110122312,0.0,1.0
7110128602,0.0,1.0
7110186782,0.0,1.0
7110194192,1.0,7.0457176e-36
7110203263,1.0,6.8875907e-16
7110207082,1.0,2.3509751e-33
7110214033,0.0,1.0
7110224163,0.5,0.5
7110224552,1.0,1.0890866e-36
7110284562,1.0,3.3696604e-10
7110319652,1.0,1.4194167e-18
7110320632,1.0,4.747022e-16
7110321412,1.0,1.24530145e-26
7110326402,1.0,8.6045256e-19
7110392082,1.0,4.0282985e-24
7110394692,1.0,2.1256797e-33
7110409822,0.0,1.0
7110410452,1.0,2.0931818e-23
7110410482,1.0,0.0
7110419992,1.0,1.6627561e-22
7110432502,0.0,1.0
7110445002,0.0,1.0
7110445312,0.0,1.0
7110461282,0.0,1.0
7110485072,0.0,1.0
7110494132,1.0,2.340515e-25
7110502092,0.0,1.0
7110505502,0.5,0.5
7110505612,1.0,5.1351778e-18
7110516092,0.9999908,9.171875e-06
7110516132,1.0,7.116792e-35
7110529952,1e-45,1.0
7110570263,0.0,1.0
7110615092,1.0,1.6908178e-28
7110640893,1.0,3.1979928e-26
7110650052,1.0,1.4016143e-28
7110656882,1.0,1.7885425e-24
7110668962,0.5,0.5
7110684193,0.0,1.0
7110684203,1.0,6.091158e-24
7110684212,0.0,1.0
7110686952,1.0,2.0886653e-25
7110687002,1.0,1.3352665e-23
7110692392,1.0,7.6576864e-29
7110710782,1.0,2.7181815e-35
7110736482,0.0,1.0
7110744632,1.0,5.1235875e-28
7110747323,1.0,6.21164e-20
7110748352,9.968557e-09,1.0
7110761022,1.0,1.3412527e-26
7110785502,0.0,1.0
7110837862,0.0,1.0
7110838672,0.0,1.0
7110847952,1.0,8.306805e-26
7110875492,1.0,2.3741084e-19
7110913712,1.0,1.2299387e-19
7110976723,0.0,1.0
7120015353,1.0,2.0163083e-13
7120048942,1.0,2.3455103e-26
7120050282,1.0,1.2082879e-24
7120051882,0.0,1.0
7120060652,0.0,1.0
7120070112,1.0,1.6944695e-24
7120232953,1.0,5.878483e-20
7120254662,1.0,1.2756132e-38
7120266372,1.0,1.2036237e-38
7120317252,1.0,7.5512935e-34
7120384762,1.0,4.411025e-14
7120386462,1.0,4.36125e-31
7120404892,1.0,0.0
7120435792,1.0,2.2783257e-37
7120568642,0.0,1.0
7120571512,0.5,0.5
7120571722,1.0,1.2517521e-08
7120573252,1.0,5.280343e-28
7120575032,0.5,0.5
7120576613,0.0,1.0
7120582312,0.0,1.0
7120586333,1.0,0.0
7120591693,1.0,1.52631e-40
7120591813,1.0,3.698192e-34
7120605802,0.5,0.5
7120795672,1.0,7.965403e-15
7120811162,1.0,1.494936e-32
7120825632,0.0,1.0
7120835772,0.5,0.5
7120837533,0.0,1.0
7120838102,0.0,1.0
7120849353,0.0,1.0
7120849393,0.0,1.0
7120849402,1.0,4.691015e-33
7120856153,0.0,1.0
7120879602,1.0,5.115824e-32
7120893912,0.36323565,0.63676435
7120897032,1.0,4.432151e-28
7120897892,0.0,1.0
7120913512,1.0,3.2369144e-32
7120914872,0.0,1.0
7120921772,1.0,4.3754534e-36
7120931472,1.0,2.0436247e-31
7120958972,0.9999982,1.8435188e-06
7120975672,1.0,6.121139e-38
7120978972,1.0,1.0758608e-18
7120989422,1.0,4.7449146e-34
7120989652,1.0,1.2123752e-37
7120999882,1.0,1.2180068e-23
7121005652,0.0,1.0
7121019842,1.0,4.9299884e-23
7121029682,0.0,1.0
7121032712,0.0,1.0
7121038482,0.0,1.0
7121038563,1.0,1.2207749e-30
7121077822,0.0,1.0
7121077882,1.0,1.16712094e-32
7121080242,0.5,0.5
7121080262,0.0,1.0
7121080342,1.0,1.7057713e-34
7121101983,0.0,1.0
7121106912,1.0,3.2754827e-17
7121118532,1.0,1.7534253e-26
7121119182,1.0,3.575794e-26
7121119272,1.0,1.4827335e-36
7121119382,1.0,3.01038e-37
7121119412,1.0,6.956919e-35
7121120172,1.0,8.8766375e-36
7121120202,0.0,1.0
7121120312,0.64050144,0.3594986
7121127592,1.0,1.7061796e-21
7121130282,0.0,1.0
7121133972,1.0,4.314115e-28
7121134092,1.0,3.09753e-20
7121134183,1.0,2.8591333e-29
7121143892,1.0,1.203614e-24
7121146512,1.0,5.459085e-37
7121148702,0.9999989,1.0301778e-06
7121156042,1.0,2.265646e-22
7121156472,0.0,1.0
7121156542,1.0,2.3313293e-24
7121156692,1.0,7.2891347e-31
7121161732,1.0,5.795035e-27
7121168842,1.0,1.5798836e-16
7121168993,0.0,1.0
7121213963,1.0,5.2225557e-33
7121228262,1.0,2.1627744e-17
7121230132,1.0,1.5978641e-19
7121230672,1.0,5.2084817e-21
7121231202,0.5,0.5
7121239802,1.0,2.171243e-21
7121240382,0.0,1.0
7121241912,1.0,3.1003003e-25
7121254092,1.0,2.4193574e-17
7121271572,0.0,1.0
7121290022,0.0,1.0
7130011282,0.0,1.0
7130011292,1.0,1.1505467e-35
7130016362,1.0,2.1562526e-37
7130016372,1.0,4.189797e-36
7130057092,1.0,4.558104e-30
7130057213,0.0,1.0
7130064072,1.0,3.391422e-36
7130067842,0.5,0.5
7130067902,0.0,1.0
7130087022,1.0,1.6993174e-32
7130093382,1.0,3.5076192e-35
7130096352,0.0,1.0
7130107312,0.5,0.5
7130107333,0.0,1.0
7130115142,0.0,1.0
7130118552,1.0,1.9085275e-37
7130130192,0.5,0.5
7130149352,1.0,4.831398e-12
7130149362,0.0,1.0
7130149392,1.0,6.424868e-30
7130149452,1.0,5.877474e-35
7130168502,1.0,2.2631755e-22
7130181833,1.0,6.567715e-26
7130207772,0.0,1.0
7130211012,1.0,1.043927e-34
7130211022,0.0,1.0
7130241092,1.0,9.053203e-35
7130241832,0.0,1.0
7130255673,1.0,2.084988e-32
7130255812,1.0,3.4006253e-18
7130255822,0.0,1.0
7130255923,0.0,1.0
7130255943,1.0,3.716601e-29
7130255953,0.0,1.0
7130255963,1.0,4.1187384e-29
7130276572,1.0,5.0115777e-24
7130276882,1.0,5.6569633e-30
7130284073,1.0,1.0889689e-31
7130287692,1.0,8.9818686e-33
7130295482,0.0,1.0
7130295983,0.0,1.0
7130295992,0.0,1.0
7130312552,1.0,2.020814e-27
7130312873,0.0,1.0
7130314822,1.0,1.2278739e-30
7130323702,0.0,1.0
7130336182,0.5,0.5
7130352882,1.0,2.761998e-35
7130353152,1.0,1.3875803e-28
7130360932,1.0,1.8354929e-34
7130360943,1.0,2.5849851e-20
7130360953,1.0,2.9284687e-27
7130381323,0.0,1.0
7130420792,1.0,7.140795e-15
7130512542,1.0,9.0230005e-20
7130512592,1.0,9.782767e-34
7130514672,0.0,1.0
7130521912,1.0,1.4106457e-30
7130531952,1.0,2.3230796e-11
7130536532,1.0,5.369818e-37
7130540062,1.0,2.2536902e-37
7130562912,1.0,7.95489e-40
7130593323,1.0,2.352938e-27
7130601262,1.0,1.836182e-39
7130661903,0.0,1.0
7130661923,0.0,1.0
7130665183,0.0,1.0
7130708772,1.0,1.3510595e-28
7130708782,0.0,1.0
7130722693,1.0,4.6682983e-37
7130739502,1.0,5.8447475e-33
7130751362,1.0,1.2018525e-31
7130756342,1.0,1.0291713e-25
7130756353,0.0,1.0
7130764252,0.0,1.0
7130801893,0.5,0.5
7130813613,1.0,2.2021923e-19
7130827842,0.0,1.0
7130852073,1.0,2.5441604e-28
7130852202,1.0,1.3807882e-23
7130853502,1.0,6.4013645e-28
7130936742,0.0,1.0
7130958802,1.0,1.5785434e-27
7130963472,1.0,1.0480533e-18
7130968852,0.0,1.0
7131071872,0.0,1.0
7131108752,0.0,1.0
7131196472,1.0,0.0
7131245022,0.0,1.0
7210038073,0.0,1.0
7210070412,0.0,1.0
7210074353,1.0,1.6676634e-33
7210074393,1.0,1.2161404e-38
7210102203,1.0,2.3362244e-25
7210104292,0.0,1.0
7210105763,0.0,1.0
7210106062,1.0,8.011275e-35
7210108103,1.0,3.3242306e-12
7210108202,1.0,4.2230793e-17
7210108213,0.0,1.0
7210108312,0.5,0.5
7210125972,0.0,1.0
7210126522,1.0,7.867642e-32
7210126962,1.0,1.251881e-39
7210141302,1.0,1.9374563e-32
7210147992,1.0,5.142354e-10
7210149162,1.0,1.1797941e-16
7210156312,1.0,0.0
7210156512,1.0,2.007029e-37
7210161452,1.0,1.7642858e-36
7210161882,1.0,6.699095e-25
7210175572,1.0,1.4517307e-16
7210199183,0.5,0.5
7210219262,0.0,1.0
7210232583,0.0,1.0
7210232813,0.43480155,0.5651985
7210257142,1.0,2.6497646e-25
7210266822,1.0,1.07588385e-16
7210278252,1.0,1.5840673e-29
7210284402,1.0,1.9266144e-25
7210304452,0.0,1.0
7210319932,0.0,1.0
7210354462,1.0,3.063964e-29
7210354492,0.0,1.0
7210424433,0.0,1.0
7210446412,0.5,0.5
7210474252,1.0,0.0
7210575032,1.0,1.0076803e-25
7210619603,1.0,0.0
7210619632,1.0,0.0
7210634453,1.0,0.0
7210634952,0.0,1.0
7210645402,0.5,0.5
7210652092,1.0,3.176262e-29
7210673472,0.2,0.8
7210693622,1.0,4.2470137e-16
7210695572,0.0,1.0
7210697722,1.0,0.0
7210732692,1.0,0.0
7210774582,1.0,0.0
7210796073,0.6666667,0.33333334
7210839332,1.0,8.05449e-33
7210897812,0.0,1.0
7211027992,0.0,1.0
7211081933,1.0,2.848288e-31
7211106902,1.0,1.7729828e-28
7211127752,0.49999958,0.5000004
7211142922,1.0,6.2702466e-22
7211143212,2.8970233e-35,1.0
7211167572,0.0,1.0
7211167582,1.0,5.701474e-26
7211167592,1.0,1.7914054e-22
7211176383,0.0,1.0
7211307162,1.0,2.3470354e-23
7211307452,0.0,1.0
7211311382,1.0,2.6091394e-34
7211387022,0.0,1.0
7211392412,1.0,1.2010419e-30
7211401652,1.0,4.1447677e-33
7211424272,0.0,1.0
7211424492,0.0,1.0
7211424502,0.5,0.5
7211484262,1.0,1.4596615e-37
7211498452,1.0,2.4581812e-30
7211498472,0.0,1.0
7211535422,1.0,2.8384212e-21
7211550202,0.5,0.5
7211550232,0.0,1.0
7211550242,1.0,5.441234e-19
7211598382,1.0,0.0
7211622822,0.4999805,0.5000195
7211639342,0.0,1.0
7211658992,0.0,1.0
7211661392,0.49999136,0.50000864
7211735082,0.0,1.0
7211752292,1.0,4.6258843e-34
7211782722,1.0,1.7986793e-35
7211783172,1.0,3.3113338e-27
7211783792,0.0,1.0
7211786932,1.0,5.4862155e-25
7211855642,2.8576656e-26,1.0
7211914392,1.0,0.0
7211926232,0.0,1.0
7211927532,1.0,0.0
7211945542,1.600892e-17,1.0
7211993772,0.0,1.0
7211994032,0.0,1.0
7211994272,0.0,1.0
7212022143,1.0,1.5515821e-20
7212041302,0.0,1.0
7212049872,1.0,0.0
7212089432,0.0,1.0
7212198592,1.0,0.0
7212260482,1.0,1.1904948e-09
7212297122,0.0,1.0
7212360902,1.0,0.0
7212368262,0.0,1.0
7212394613,0.0,1.0
7212420223,4.54124e-40,1.0
7212420243,0.0,1.0
7212420262,0.0,1.0
7212480462,1.0,0.0
7212505692,1.0,0.0
7212537132,1.0,0.0
7212540873,0.0,1.0
7212540962,2.9962278e-24,1.0
7212541062,1.0,2.6098875e-33
7212572282,1.0,0.0
7212573722,0.5,0.5
7212605182,0.0,1.0
7212614622,0.0,1.0
7212628362,1.0,2.0613038e-12
7212659872,0.0,1.0
7212664592,0.0,1.0
7212691782,0.0,1.0
7220021212,1.0,7.4438943e-35
7220024252,1.0,9.714913e-31
7220036752,1.0,7.495134e-33
7220052722,0.5,0.5
7220168332,0.0,1.0
7220275893,1.0,5.1735903e-36
7220275923,0.5,0.5
7220298922,0.0,1.0
7220307882,1.0,0.0
7220328623,0.25,0.75
7220350122,0.0,1.0
7220384992,1.0,1.9836742e-32
7220429612,1.0,0.0
7220429862,0.0,1.0
7220476712,1.0,4.958409e-24
7220499683,0.6666667,0.33333334
7220556582,0.0,1.0
7220575662,0.0,1.0
7220575762,1.0,0.0
7220588542,0.0,1.0
7220681402,0.0,1.0
7220788062,0.9994943,0.0005056618
7220835702,0.0,1.0
7220898192,0.0,1.0
7220898212,0.0,1.0
7220959132,1.0,1.4967451e-24
7221022263,1.0,1.3400696e-36
7221043983,1.0,1.20129265e-17
7221044092,0.0,1.0
7221064782,1.0,3.6099362e-25
7221065322,0.0,1.0
7221065603,0.0,1.0
7221119782,0.0,1.0
7221164432,1.0,0.0
7221260153,1.0,0.0
7221361382,0.5,0.5
7221388032,0.0,1.0
7221475442,1.0,3.396386e-33
7221549222,1.0,5.815948e-32
7221559382,0.0,1.0
7221560533,1.0,1.6652571e-22
7221590452,0.0,1.0
7221590652,0.0,1.0
7221650252,0.0,1.0
7221675862,1.0,9.245038e-22
7221676252,0.0,1.0
7221676332,1.0,8.194475e-34
7221677232,1.0,5.647524e-21
7221677262,1.0,0.0
7221677292,1.0,4.5971153e-22
7221698222,1.0,0.0
7221698722,1.0,0.0
7221698892,1.0,1.3585592e-27
7221740973,0.0,1.0
7221741063,0.0,1.0
7221793462,1.0,2.0143495e-19
7221869093,1.0,0.0
7221945072,1.0,0.0
7221948882,0.5,0.5
7230050822,1.0,0.0
7230095452,0.92024934,0.079750635
7230097652,1.0,2.3848344e-29
7230113872,1.0,0.0
7230151132,0.5,0.5
7230178672,0.0,1.0
7230178692,1.0,3.1581e-40
7230191582,7.1098326e-16,1.0
7230193863,1.0,0.0
7230264332,0.0,1.0
7230264502,1.0,1.2436026e-25
7230273252,1.0,0.0
7230278372,1.0,3.673929e-23
7230299212,1.0,1.0107541e-37
7230375823,1.0,2.7478009e-27
7230421062,1.0,0.0
7230474912,1.0,2.52807e-22
7230487942,1.0,2.0758503e-20
7230490313,0.0,1.0
7230516632,0.0,1.0
7230541162,0.5,0.5
7230541832,1.0,1.988738e-37
7230665802,1.0,6.754017e-22
7230665822,1.0,4.815545e-31
7230686692,1.0,1.193577e-18
7230751152,1.0,4.0618408e-26
7230806133,1.0,0.0
7230906732,1.0,1.5498185e-36
7230921642,1.0,2.7765248e-34
7230979682,1.0,1.0530762e-38
7231027032,0.0,1.0
7231029922,1.0,3.733938e-29
7231077323,1.0,0.0
7231228972,0.5,0.5
7231268983,1.0,0.0
7231288412,1.0,0.0
7231300392,0.0,1.0
7231325232,1.0,2.276943e-38
7231330662,1.0,3.1801172e-29
7231339882,0.0,1.0
7231424912,1.0,1.2939849e-34
7231583102,1.0,5.438046e-39
7231616303,1.0,0.0
7231640462,1.0,5.8574383e-36
7231774183,0.5,0.5
7231776882,4.6346605e-35,1.0
7240054132,0.0,1.0
7240066743,1.0,0.0
7240079343,0.5,0.5
7240178212,0.6666667,0.33333334
7240184593,1.0,0.0
7240248092,1.0,1.2130914e-31
7240341523,1.0,1.42389e-40
7240384742,2.7e-44,1.0
7240403763,1.0,3.3784195e-21
7240454942,1.0,1.1312052e-37
7240476822,1.0,1.0581963e-27
7240482153,1.0,1.5029625e-34
7240522373,1.0,3e-45
7240617123,1.0,0.0
7240720022,1.0,1.0852824e-23
7240723742,1.0,5.385713e-12
7250022962,1.0,2.6542677e-24
7250044452,1.0,2.0071668e-22
7250051452,1.0,2.8206051e-33
7250051493,1.0,1.1385062e-26
7250070242,1.0,1.0247312e-13
7250074832,1.0,0.0
7250080512,0.0,1.0
7250092313,0.11111111,0.8888889
7250093653,0.0,1.0
7250113932,0.09090909,0.9090909
7250129282,0.0,1.0
7250140783,0.0,1.0
7250145702,1.0,1.1299495e-09
7250145713,0.0,1.0
7250152912,1.0,6.394531e-28
7250161903,1.0,6.826822e-09
7250166233,1.0,3.2187058e-38
7250166472,1.0,0.0
7250202733,0.25,0.75
7250213232,1.0,3.486e-42
7250215982,1.0,1.8805964e-28
7250240013,0.0,1.0
7250265792,1.0,9.844194e-35
7250291882,1.0,7.732652e-38
7250292303,0.33333334,0.6666667
7250295992,1.0,1.2810901e-37
7250344153,1.0,1.5208477e-38
7250359323,0.0,1.0
7250374842,1.0,1.9230038e-38
7250408192,0.0,1.0
7250421522,1.0,0.0
7250487902,0.0,1.0
7250501702,0.99993,6.995444e-05
7250502652,1.0,7.501165e-34
7250511592,1.9905028e-18,1.0
7250511622,1.0,2.2225523e-23
7250519012,1.0,0.0
7250520282,1.0,4.3955273e-29
7250533142,0.0,1.0
7250538792,1.0,0.0
7250577032,0.0,1.0
7250599463,0.0,1.0
7250603373,0.0,1.0
7250625993,1.0,4.733676e-24
7250630763,1.0,9.243733e-37
7250632872,0.0,1.0
7250649493,1.0,0.0
7250664993,1.0,0.0
7250674793,1.0,3e-45
7250693043,1.0,8.598767e-20
7250706382,1.0,1.656158e-39
7250723942,0.0,1.0
7250739033,0.8561964,0.14380358
7250739412,1.0,1.1824791e-24
7250789022,1.0,0.0
7250789052,0.5,0.5
7250817663,1.0,1.4e-44
7250831873,1.0,5.445e-42
7250831893,0.33333334,0.6666667
7250849543,1.0,0.0
7250899932,1.0,0.0
7250922673,1.0,0.0
7250922682,1.0,4.5786875e-29
7250966122,0.0,1.0
7251006483,1.0,5.322418e-18
7260004453,1.0,0.0
7260014983,1.0,3.2477684e-28
7260036562,1.0,2.1185053e-35
7260041812,1.0,7.1117273e-32
7260057693,1.0,0.0
7260082142,1.0,0.0
7310026172,1.0,4.880353e-13
7310039593,1.0,0.0
7310086383,0.0,1.0
7310147802,1.0,1.1378837e-10
7310159682,1.0,5.6393388e-30
7310162063,0.9999999,1.511135e-07
7310162553,1.0,0.0
7310167553,0.0,1.0
7310167672,0.0,1.0
7310167733,0.0,1.0
7310167773,1.0,6.0755633e-24
7310170842,1.0,6.8275146e-35
7320002002,0.0,1.0
7320004222,0.0,1.0
7320005712,0.0,1.0
7320008812,1.0,0.0
7320057062,1.0,0.0
7320057962,0.0,1.0
7320068812,0.0,1.0
7320074382,0.0,1.0
7320198193,0.0,1.0
7320230502,0.0,1.0
7320235132,0.0,1.0
7320237462,1.0,0.0
7320248322,1.0,0.0
7320256073,1.0,2.836e-42
7320308013,1.0,7.646264e-39
7320355243,1.0,7.8480797e-29
7320364033,1.0,4.8557104e-28
7320364362,3.04075e-40,1.0
7320406673,1.0,3.6242344e-12
7320411343,1.0,1.00184e-39
7320411603,1.0,6.026482e-34
7320411613,1.0,5.569296e-25
7320434393,1.0,1.1264719e-31
7410005852,0.0,1.0
7410033662,0.0,1.0
7410033682,0.0,1.0
7420016952,0.5,0.5
7420030132,1.0,0.0
7420072452,1.0,1.3056e-41
7420084452,1.0,4.430456e-30
7420087233,1.0,1.1065568e-38
7420088223,1.0,9.3520843e-38
7420109213,1.0,1.69495e-40
7420125292,1.0,3.42e-42
7420142512,1.0,4.5024232e-30
7420169793,1.0,0.0
7420180123,1.0,3.68652e-40
7420206383,0.0,1.0
7420208393,1.0,0.0
7420215063,1.0,2.9e-43
7420215543,1.0,3.070586e-22
7420245843,0.0,1.0
7420275282,1.0,3.2e-44
7420279093,1.0,1.439088e-38
7420279843,1.0,2.7e-44
7420280462,1.0,1.7302014e-28
7420280533,1.0,2.2450187e-16
7420280573,0.0,1.0
7420310552,1.0,5.91435e-23
7420346453,0.0,1.0
7420349342,1.0,0.0
7420349683,1.0,1.2557044e-20
7420349693,0.0,1.0
7420375373,1.0,2.8480338e-19
7420389792,1.0,1.276305e-22
7420397582,0.5,0.5
7420417003,1.0,0.0
7420418293,1.0,0.0
7420422213,1.0,0.0
7420464153,1.0,9.749642e-35
7420464262,1.0,2.61555e-40
7420473223,1.0,0.0
7420481862,1.0,2.1853793e-27
7420510983,1.0,0.0
7420528773,0.0,1.0
7420552803,0.33333334,0.6666667
7420552813,0.0,1.0
7420571772,0.0,1.0
7420584152,1.0,5.24487e-28
7420584462,1.0,1.2922603e-20
7420665303,0.6666667,0.33333334
7420746062,1.0,4.672523e-36
7420749482,0.0,1.0
7420785002,1.0,7.000128e-34
7420788032,1.0,1.0419341e-26
7420799662,1.0,1.947472e-27
7420814272,1.0,2.6364113e-28
7420832032,1.0,9.559788e-28
7420847912,0.5,0.5
7420853612,1.0,3.6585684e-14
7420861402,1.0,8.771214e-36
7420865112,1.0,4.9853356e-26
7420875052,0.0,1.0
7420903892,0.0,1.0
7420915053,1.0,0.0
7420919953,0.0,1.0
7420920013,0.0,1.0
7420937663,0.0,1.0
7420954923,1.0,3.685918e-30
7420954953,1.0,4.9755843e-13
7420954993,0.5,0.5
7420955243,0.0,1.0
7420956062,1.0,0.0
7420960343,1.0,0.0
7421012892,1.0,8.062378e-36
7421014302,0.0,1.0
7421019142,1.0,0.0
7421019173,1.0,8.2007835e-36
7421019192,1.0,0.0
7421026192,0.0,1.0
7421027813,0.5,0.5
7421028863,1.0,1.5139151e-31
7421028932,1.0,0.0
7421028943,1.0,0.0
7421045662,0.0,1.0
7421062532,1.0,0.0
7421064932,1.0,1.0507992e-20
7421069983,1.0,5.5312086e-13
7421082642,1.0,2.8360494e-37
7430014452,0.0,1.0
7430058292,0.0,1.0
7430059382,0.0,1.0
7430059392,0.0,1.0
7510028162,1.0,6.473454e-38
7510072043,1.0,1.9546394e-27
7510072543,1.0,0.0
7510082223,1.0,3.48e-43
7510091922,1.0,0.0
7510104502,1.0,0.0
7510104542,0.5,0.5
7510154252,1.0,2.3563005e-32
7510154643,1.0,1.003e-42
7520006833,1.0,1.8087998e-36
7520007052,1.0,9.8827e-41
7520011112,1.0,0.0
7530002673,1.0,1.13474545e-24
7530012622,0.5,0.5
7530015372,1.0,0.0
7530016382,1.0,0.0
7530025983,1.0,0.0
7530030613,1.0,0.0
7530065582,0.0,1.0
7530065722,0.0,1.0
7530089242,1.0,0.0
7530089892,1.0,0.0
7530089902,0.0,1.0
7530093763,1.0,2.8658264e-22
7530095823,0.0,1.0
7530096073,1.0,0.0
7530096122,0.0,1.0
7530096673,0.0,1.0
7530096692,0.0,1.0
7530096743,0.5,0.5
7530097282,0.0,1.0
7530105382,0.0,1.0
7530106782,0.0,1.0
7620026792,0.0,1.0
7620035292,1.0,1.9526257e-21
7640002812,1.0,0.0
7710021313,1.0,1.018495e-37
7710026853,1.0,1.8286891e-35
7710032962,0.0,1.0
7710033232,0.0,1.0
7710033392,0.0,1.0
7710038952,0.0,1.0
7710043742,0.0,1.0
7710048922,1.0,1.8302844e-26
7710054352,0.0,1.0
7710056183,1.0,0.0
7710076623,1.0,2.8355e-40
7720002402,0.5,0.5
7720003433,1.0,6.734079e-37
7720003573,0.0,1.0
7720009733,1.0,6.303044e-25
7720013333,0.33333334,0.6666667
7720018822,1.0,1.104561e-25
7720023433,1.0,1.8245328e-19
7720025003,1.0,1.5431063e-27
7720027322,1.0,2.4931755e-26
7730002562,0.0,1.0
7730003032,1.0,8.675215e-28
7730010462,0.0,1.0
7730010572,0.0,1.0
7730010742,1.0,7.0806677e-35
7730013722,1.0,0.0
7730013782,1.0,2.4419262e-09
7730013832,0.5,0.5
7730014512,1.0,0.0
7730015342,0.0,1.0
7740012182,0.0,1.0
7740049052,0.0,1.0
7820003162,0.0,1.0
7820003262,1.0,0.0
7820016193,1.0,1.06059935e-11
7820018572,1.0,1.2123e-40
7820024162,0.0,1.0
7820031253,0.5,0.5
7820031263,0.5,0.5
7820031273,1.0,1.4275901e-37
7820033922,1.0,0.0
7820034213,0.5,0.5
7820047173,1.0,2.8048867e-25
7820052753,0.33333334,0.6666667
7820057683,1.0,2.7058732e-33
7820061863,0.0,1.0
7820064483,0.5,0.5
7820066603,0.0,1.0
7820066613,1.0,0.0
7820071213,1.0,0.0
7830011152,0.0,1.0
7830012852,0.0,1.0
7830015032,1.0,0.0
7830026522,0.0,1.0
7830026642,1.0,1.105637e-38
7830085252,1.0,0.0
7830094372,1.0,0.0
7830103662,1.0,3.0544959e-24
7830104683,1.0,6.8109825e-24
7830149333,0.0,1.0
7830150212,1.0,6.257943e-36
7830150222,1.0,1.9623124e-34
7830151942,1.0,1.7745888e-18
7830156602,1.0,1.6481499e-29
7830169252,1.0,0.0
7830169633,1.0,1.5218686e-19
7830169653,0.9999988,1.2305485e-06
7830169863,1.0,9.4503694e-26
7830169882,0.5,0.5
7830169942,0.0,1.0
7830175063,0.9994091,0.0005909283
7830187142,0.0,1.0
7830240462,0.0,1.0
7830263433,1.0,1.3911464e-29
7830263943,1.0,3.6231723e-22
7830274982,1.0,3.21698e-35
8120072802,1.0,0.0
8120072882,1.0,0.0
8120141372,0.0,1.0
8120157753,0.5,0.5
8120221792,0.0,1.0
8120251562,0.0,1.0
8120265042,0.0,1.0
8120271112,1.0,0.0
8120276122,0.0,1.0
8120456042,1.0,0.0
8120495402,0.0,1.0
8120511402,1.0,0.0
8120512272,0.0,1.0
8120542992,0.0,1.0
8120667403,0.0,1.0
8120667413,0.0,1.0
8120667493,1.0,0.0
8120667523,0.0,1.0
8120691283,0.5,0.5
8120691293,0.0,1.0
8120691303,0.0,1.0
8120691373,0.0,1.0
8120699882,0.0,1.0
8120861962,0.0,1.0
8120877302,0.5,0.5
8120892183,1.0,8e-45
8120929533,0.0,1.0
8120931843,0.0,1.0
8120989333,5.919724e-18,1.0
8121011373,0.0,1.0
8121042463,5.8186e-41,1.0
8121047682,0.5,0.5
8121080103,1.0,2.1099804e-20
8121248832,1.0,2.943767e-28
8121277932,0.0,1.0
8121341492,0.0,1.0
8121352603,1.0,7.3878177e-37
8121352622,0.0,1.0
8121361142,1.0,0.0
8121380023,1.0,1.4287491e-24
8121432872,1.0,1.3891568e-23
8121522272,0.91898495,0.08101508
8121566202,1.0,0.0
8121577392,1.0,7.472953e-25
8121603332,0.0,1.0
8121625162,1.0,3.64584e-30
8121627103,0.0,1.0
8121627142,0.0,1.0
8121627153,1.0,2.7652802e-25
8121627193,0.0,1.0
8130047542,0.0,1.0
8130055963,0.0,1.0
8130071482,0.0,1.0
8130181732,0.0,1.0
8130469812,1.0,0.0
8130471582,2.1989482e-30,1.0
8130504782,9.8118235e-23,1.0
8130509202,1.0,0.0
8130528522,0.33333334,0.6666667
8220029723,0.5,0.5
8220029783,1.0,3.972328e-38
8220037522,0.0,1.0
8220065702,0.5,0.5
8220078842,0.0,1.0
8220078952,1.0,9.968639e-34
8220098632,1.0,3.3354305e-29
8220125022,1.0,7.498232e-38
8220392452,1.0,0.0
8220429462,1.0,0.0
8220429862,1.0,0.0
8220476332,0.0,1.0
8220491582,1.0,2.1036137e-29
8220538282,0.0,1.0
8220622223,1.0,3.5414465e-35
8220649722,1.0,7.851342e-37
8220670642,1.0,1.13442295e-17
8220681172,0.0,1.0
8220719022,1.0,2.9139562e-37
8220736573,0.0,1.0
8220746742,1.0,1.5304192e-21
8220756123,0.0,1.0
8220756133,0.49999994,0.50000006
8220812383,0.11764706,0.88235295
8220822292,0.0,1.0
8220840363,1.0,1.6487465e-30
8220868032,0.0,1.0
8220868532,1.0,1.6285376e-11
8220868663,1.0,1.1651144e-25
8220868712,1.0,7.363115e-22
8220882672,4.095583e-36,1.0
8220886102,1.0,0.0
8220929772,1.0,1.3465584e-34
8220966072,0.5,0.5
8220993253,1.0,1.5517134e-26
8221008743,0.0,1.0
8221130682,0.1875,0.8125
8221230132,0.0,1.0
8221242902,1.0,1.3550414e-32
8221243142,0.0,1.0
8221267752,0.0,1.0
8221279072,1.0,5.146936e-29
8221299713,1.0,5.8095597e-15
8221310122,1.0,3.7393223e-31
8221316322,0.0,1.0
8221318453,1.0,1.0353628e-30
8221318772,0.5,0.5
8221318793,0.25,0.75
8221327412,1.0,2.9724061e-28
8221329742,1.0,1.0112927e-32
8221336062,1.0,6.232147e-17
8221336912,1.0,7.312306e-31
8221338772,0.5,0.5
8221344732,1.0,5.363289e-29
8221388712,1.0,1.1830455e-35
8221392892,1.0,0.0
8221418332,1.0,4.3856892e-32
8221520472,0.0,1.0
8221520502,0.0,1.0
8221545852,1.0,0.0
8221558412,0.0,1.0
8221568932,0.5,0.5
8221586482,1.0,1.2945762e-18
8221623922,1.0,2.7009e-40
8221645962,0.99668634,0.0033136476
8221651322,0.0,1.0
8221664662,1.0,4.311705e-24
8221665252,0.0,1.0
8221721332,1.0,3.121499e-30
8221722972,1.0,3.6659658e-29
8221731612,1.0,1.0824725e-35
8221746922,1.0,4.3169423e-30
8221747482,1.0,0.0
8221855442,0.0,1.0
8221911032,1.0,5.86011e-17
8221913882,1.0,3.791483e-20
8221929572,1.0,1.9417823e-27
8221931152,1.0,0.0
8221931472,1.0,6.696816e-34
8221951062,0.5,0.5
8221956942,1.0,1.0302444e-31
8221956953,0.33333334,0.6666667
8221991163,0.25,0.75
8221994082,1.0,1.5523975e-22
8222001802,1.0,2.5231468e-37
8222009372,0.0,1.0
8222015902,0.0,1.0
8222038442,0.0,1.0
8222039212,1.0,9.18703e-22
8222083562,1.0,0.0
8222103742,1.0,2.1608238e-36
8222109792,1.0,2.424205e-34
8222141502,1.0,8.37215e-33
8222180532,1.0,1.0571986e-29
8222231502,0.49999583,0.5000042
8222242852,1.0,5.583605e-35
8222296273,0.0,1.0
8222296793,0.0,1.0
8222322652,1.0,2.3766553e-26
8222362882,1.0,7.2308173e-29
8222363612,1.0,4.6387584e-30
8222364272,0.5,0.5
8222387232,0.0,1.0
8222394022,1.0,3.4097546e-27
8222403222,0.0,1.0
8222417332,0.36363637,0.6363636
8222433572,1.0,1.24755e-15
8222484363,1.0,1.3863891e-29
8222538062,0.0,1.0
8222590442,1.0,6.1437876e-22
8222590692,0.6666667,0.33333334
8222593752,1.0,4.2268385e-33
8222642272,1.0,0.0
8222642542,1.0,2.883551e-12
8222662932,0.0,1.0
8222669533,0.33327562,0.66672444
8222671292,0.0,1.0
8222690132,1.0,1.8952714e-38
8222720812,0.0,1.0
8222729472,1.0,7.823593e-23
8222730702,0.0,1.0
8222763202,1.0,4.9479083e-22
8222764042,0.5,0.5
8222774182,0.0,1.0
8222802582,1.0,1.7614583e-17
8222810372,1.0,3.3694273e-11
8222810932,1.0,5.783229e-24
8222817902,0.5,0.5
8222837723,0.0,1.0
8222870772,1.0,8.046095e-18
8222870852,0.5,0.5
8222887422,0.7020584,0.2979416
8222892662,1.0,3.421182e-34
8222900472,1.0,8.2712203e-29
8222902902,1.0,7.4658183e-28
8222917892,0.5,0.5
8222918192,1.0,0.0
8222934412,1.0,1.7063293e-36
8222935472,1.0,1.6251465e-33
8222940152,1.0,1.166165e-38
8222966532,1.0,0.0
8222971102,1.0,3.419739e-13
8222981582,0.0,1.0
8223005482,1.0,5.9908882e-33
8223027262,1.0,1.9306225e-34
8223051592,1.0,2.1099632e-36
8223068372,1.0,2.629122e-34
8223068432,0.0,1.0
8223081342,1.0,8.147807e-28
8223086812,1.0,5.2894313e-37
8223091992,1.0,9.525398e-26
8223099882,0.0,1.0
8223133593,1.0,4.330098e-25
8223133613,0.0,1.0
8223143572,1.0,3.3868498e-26
8223178043,0.0,1.0
8223258122,1.0,0.0
8223259142,1.0,1.0915239e-36
8223303872,0.0,1.0
8223304402,1.0,0.0
8223304412,0.0,1.0
8223320472,1.0,3.9501745e-31
8223342763,1.0,4.7262935e-25
8223371712,0.0,1.0
8223398042,0.0,1.0
8223398072,0.33333334,0.6666667
8223413202,0.5,0.5
8223466472,1.0,2.1051705e-22
8223478132,1.0,2.1385744e-30
8223481202,0.0,1.0
8223523032,1.0,5.0481388e-28
8223663652,1.0,0.0
8223669913,0.0,1.0
8223670152,1.0,2.5965725e-09
8223681932,0.0,1.0
8230031312,1.3583284e-31,1.0
8230054382,1.0,2.398494e-35
8230054512,0.5,0.5
8230054932,1.0,5.8474314e-15
8230055332,0.0,1.0
8230084062,0.0,1.0
8230172392,0.5,0.5
8230188702,0.0,1.0
8230228202,0.33333334,0.6666667
8230254302,1.0,0.0
8230273432,1.0,0.0
8230307252,1.0,0.0
8230326152,4.695897e-28,1.0
8230463612,0.0,1.0
8230465062,0.9999999,1.2227594e-07
8230601192,0.0,1.0
8230601362,0.0,1.0
8230629672,0.5,0.5
8230705412,1.0,6.753237e-24
8230746912,0.5,0.5
8230764412,0.0,1.0
8230764432,0.0,1.0
8230839662,1.0,0.0
8310001892,1.0,0.0
8310060862,1.0,7.903796e-18
8310109592,1.0,5.0253794e-32
8310125002,0.0,1.0
8310162173,1.0,0.0
8310162182,0.5,0.5
8310162482,1.0,0.0
8310162502,1.0,0.0
8310203112,1.0,1.1352823e-36
8310207762,1.0,2.8660216e-23
8310215912,0.99998796,1.2051318e-05
8310235402,1.0,1.4188383e-37
8310255303,1.0,6.3147916e-16
8310265552,0.5,0.5
8310291933,0.25,0.75
8310317213,1.0,0.0
8310334363,1.0,0.0
8310334402,1.0,2.0302881e-11
8310455972,1.0,7.3637333e-37
8310468452,1.0,1.398024e-39
8310468842,1.0,1.599137e-21
8310471903,1.0,1.5764477e-29
8310482093,0.0,1.0
8310485463,1.0,1.8829849e-30
8310512083,1.0,1.008982e-37
8310514913,0.0,1.0
8310546912,1.0,2.3454058e-31
8310608642,1.0,0.0
8310624972,1.0,0.0
8310680303,1.0,1.4033534e-20
8310703683,1.0,2.2425973e-18
8310779653,1.0,0.0
8310779792,1.0,0.0
8311063983,0.0,1.0
8311254943,1.0,2.833753e-39
8311308553,0.0,1.0
8311323502,1.0,3.6869476e-21
8311340222,1.0,4.2207846e-31
8311361722,1.0,0.0
8311478853,0.42857146,0.5714286
8311518752,1.0,2.209199e-36
8311553132,0.0,1.0
8311694902,1.0,0.0
8311732202,1.0,4.0598698e-09
8311738942,0.5,0.5
8311779722,0.0,1.0
8311787302,0.0,1.0
8311788542,1.0,9.243379e-30
8311788572,1.0,1.17093325e-33
8311790762,1.0,0.0
8311800792,1.0,0.0
8311800842,1.0,0.0
8311827222,1.0,0.0
8311827343,1.0,0.0
8311857383,0.0,1.0
8311879023,0.0,1.0
8311880712,0.0,1.0
8311951762,1.0,8.539252e-28
8312069312,1.0,5.012651e-23
8312073183,1.0,1.23928485e-08
8312081392,0.5,0.5
8312081772,1.0,1.1079265e-36
8312155852,1.0,5.5797824e-24
8312275432,1.0,6.1356257e-33
8312299232,1.0,1.624278e-19
8312326212,0.0,1.0
8312409062,1.0,3.902595e-21
8312436402,0.5,0.5
8312688822,0.0,1.0
8312952332,1.0,0.0
8312952342,0.0,1.0
8312952382,0.0,1.0
8312986902,1.0,0.0
8312986972,1.0,0.0
8312987012,0.0,1.0
8312987022,0.0,1.0
8313031472,1.0,1.6009766e-18
8313106042,0.0,1.0
8313222092,1.0,0.0
8313280382,1.0,0.0
8313440002,1.0,3.805106e-26
8313618243,1.0,0.0
8313715873,1.0,1.1069169e-33
8313769583,0.0,1.0
8320009002,0.0,1.0
8320011162,1.0,2.681306e-25
8320013812,1.0,1.5316371e-32
8320016632,1.0,1.7346045e-11
8320019142,0.5,0.5
8320022322,1.0,1.1566535e-37
8320059072,0.0,1.0
8320059272,0.9009297,0.09907031
8320062912,0.5,0.5
8320068822,0.0,1.0
8320074702,1.0,1.9055444e-30
8320099392,1.0,2.2686284e-19
8320112142,1.0,2.6020142e-33
8320124992,1.0,7.429319e-26
8320125402,0.5,0.5
8320170352,1.0,3.24154e-22
8320170602,0.5,0.5
8320197092,1.0,6.05942e-35
8320207922,1.0,1.2508233e-35
8320208172,1.0,3.862538e-18
8320208182,1.0,6.466606e-34
8320222442,0.33333334,0.6666667
8320248412,1.0,1.4119978e-29
8320248502,1.0,1.7199427e-35
8320292252,1.0,2.2224115e-35
8320306832,1.0,2.9947957e-34
8320311912,9.259333e-37,1.0
8320333882,0.0,1.0
8320334132,1.0,1.3541515e-26
8320338732,0.5,0.5
8320358072,1.0,5.145718e-29
8320382472,0.5,0.5
8320395732,1.0,2.1436078e-13
8320401662,0.0,1.0
8320420932,1.0,6.815954e-37
8320422212,1.0,1.369016e-27
8320428812,1.0,2.7976296e-26
8320442852,0.5,0.5
8320442902,0.5,0.5
8320486272,0.0,1.0
8320510052,1.0,1.5013236e-34
8320526963,1.0,3.967273e-29
8320542382,1.0,1.5319067e-16
8320545032,5.474392e-19,1.0
8320567292,0.0,1.0
8320590542,1.0,4.090502e-39
8320641662,1.0,1.0594191e-29
8320641673,1.0,1.1815854e-33
8320694352,0.0,1.0
8320714842,0.0,1.0
8320784483,1.0,1.3340307e-36
8320784523,0.0,1.0
8320825093,1.0,0.0
8320875292,1.0,1.7467321e-23
8320956722,1.46e-43,1.0
8320966172,1.0,5.9713122e-33
8320980962,1.0,1.4350183e-26
8321008622,1.0,2.5650233e-29
8321011862,1.0,1.4155849e-28
8321028492,1.0,7.1892476e-32
8321038642,0.0,1.0
8321172212,0.0,1.0
8321317263,0.5,0.5
8321337452,1.0,2.392059e-22
8321390623,1.0,4.3598817e-33
8321390642,1.0,0.0
8321413642,0.0,1.0
8321436662,1.0,2.9868298e-13
8321519282,0.0,1.0
8321598633,0.5,0.5
8321609762,1.0,0.0
8321686192,1.0,0.0
8321686642,0.0,1.0
8321695372,1.0,0.0
8321747472,0.5,0.5
8321800842,1.0,0.0
8321910083,0.33333334,0.6666667
8321933403,0.4,0.6
8321996672,1.0,1.809056e-10
8321997042,1.0,3.6748062e-26
8322077072,1.0,0.0
8322077143,0.0,1.0
8322101052,1.0,1.5558199e-35
8322101153,1.0,5.547355e-31
8322101343,0.5,0.5
8322167053,1.0,4.384072e-22
8322167212,0.0,1.0
8322168793,1.0,0.0
8322176072,1.0,0.0
8322197282,1.0,0.0
8322234292,0.0,1.0
8322262862,1.0,5.1212e-41
8322285102,1.0,6.4407287e-35
8322296522,0.0,1.0
8322324952,1.0,0.0
8322324962,1.0,0.0
8322340032,0.0,1.0
8322345192,0.5,0.5
8322349092,0.5,0.5
8322462643,0.0,1.0
8322493182,1.0,0.0
8322502832,0.0,1.0
8322524102,1.0,6.614638e-17
8322578083,0.33333334,0.6666667
8322636552,1.0,0.0
8322665922,2.3468504e-28,1.0
8322683442,1.0,2.0248573e-12
8322756622,1.0,9.328436e-21
8322818522,0.0,1.0
8322897572,0.0,1.0
8323018393,1.0,0.0
8323018462,1.171928e-39,1.0
8323106553,3.4573064e-20,1.0
8323189943,0.91897357,0.08102643
8323268673,0.0,1.0
8323517712,0.5,0.5
8323534452,0.0,1.0
8323534573,1.0,0.0
8330172662,0.0,1.0
8410162943,1.0,2.1883118e-38
8420160082,1.0,5.3248604e-19
8420221053,0.0,1.0
8420385742,0.0,1.0
8420396972,1.0,3.27132e-40
8420401502,0.5,0.5
8420431492,1.0,1.914225e-19
8420431632,1.0,1.1461045e-28
8420431682,0.83010495,0.16989504
8420449912,0.0,1.0
8420466462,1.0,3.5310397e-31
8420502442,1.0,0.0
8420502462,0.5,0.5
8420522983,0.0,1.0
8420589272,0.0,1.0
8420635742,0.0,1.0
8420656712,0.5,0.5
8420656732,0.0,1.0
8420725752,1.0,3.0988845e-23
8420725813,5.497e-42,1.0
8420725823,0.0,1.0
8420749233,1.0,8.065664e-30
8420901382,1.0,1.2780382e-24
8420939312,1.0,5.176883e-30
8420956503,0.0,1.0
8420956533,1.0,2.1725889e-14
8420956583,4.4909637e-23,1.0
8421007022,1.0,0.0
8421075873,9.999724e-20,1.0
8421128422,0.0,1.0
8421128852,0.5,0.5
8421148993,0.5,0.5
8421370703,1.0,1.3386503e-27
8421395462,0.0,1.0
8421401833,0.0,1.0
8421401932,1.0,3.382762e-38
8421401973,1.0,9.207815e-34
8421500643,1.0,2.4029503e-38
8421500723,7e-45,1.0
8421540412,1.0,0.0
8421598193,0.0,1.0
8430112922,1.0,7.196256e-29
8430112972,0.0,1.0
8430145182,1.0,0.0
8430185752,0.5,0.5
8510109002,1.3192363e-24,1.0
8510231912,1.0,2.1999505e-34
8510312623,1.0,0.0
8510335612,0.92000306,0.07999695
8520044762,1.0,0.0
8520211272,1.0,0.0
8520237282,0.0,1.0
8520335702,1.0,0.0
8520335733,0.0,1.0
8520608972,0.0,1.0
8520638062,0.25,0.75
8520750352,0.8333334,0.16666667
8520896873,0.84486604,0.15513395
8521046222,0.5,0.5
8521046232,0.0,1.0
8521186533,1.0,0.0
8521250202,3.249519e-23,1.0
8521283042,2e-44,1.0
8521283082,0.0,1.0
8521293142,1.0,1.3389962e-29
8521338773,0.33333388,0.66666615
8521338783,0.5,0.5
8521399233,1.0,0.0
8521616512,1.0,0.0
8521668342,1.0,0.0
8521668632,0.0,1.0
8521712022,1.0,0.0
8521723442,1.0,0.0
8521786943,1.0,0.0
8521786973,1.0,0.0
8521816233,1.0,0.0
8521822872,0.0,1.0
9120143983,0.0,1.0
9120143992,1.0,0.0
9120276102,1.0,0.0
9120276152,0.0,1.0
9130036692,1.0,0.0
9130048412,1.0,0.0
