lake_id,arc1,arc2,arc3,arc4,arc5
1150001092,0.0,0.0,1.0,0.0,0.0
1150002502,0.0,0.0,1.0,0.0,0.0
1150003802,0.0,0.0,1.0,0.0,0.0
1150004092,0.0,0.0,1.0,0.0,0.0
1150005262,0.0,0.0,0.0,0.0,1.0
1150005972,0.0,0.0,0.0,0.0,1.0
1150007303,0.0,0.0,0.0,1.0,0.0
1150008332,0.0,0.0,0.0,1.0,0.0
1160000282,0.33333334,0.0,0.0,0.0,0.6666667
1170006442,0.0,0.0,0.0,0.0,1.0
1170013972,0.0,0.0,0.0,0.0,1.0
1220005463,0.2,0.0,0.0,0.0,0.8
1220013612,0.0,0.0,0.0,0.0,1.0
1220053053,0.0,0.0,0.0,1.0,0.0
1220056903,0.0,0.0,0.0,0.0,1.0
1230009732,0.0,0.0,0.0,0.0,1.0
1240009142,1.0,0.0,0.0,0.0,0.0
1240018052,0.0,0.0,0.0,1.0,0.0
1250010552,0.0,0.0,0.0,1.0,0.0
1250034252,0.0,0.0,0.0,0.0,1.0
1250051122,0.0,0.0,0.0,1.0,0.0
1250064892,0.0,0.0,0.0,1.0,0.0
1270041163,0.0,0.0,0.0,0.0,1.0
1270045763,0.0,0.0,1.0,0.0,0.0
1270054173,0.0,0.0,0.0,0.0,1.0
1320023692,0.0,0.0,1.0,0.0,0.0
1320023702,0.0,0.0,0.0,0.0,1.0
1320028172,0.0,0.0,0.0,0.0,1.0
1320031272,1.0,0.0,0.0,0.0,0.0
1320031292,0.0,0.0,0.0,0.0,1.0
1320035402,1.0,0.0,0.0,0.0,0.0
1320035532,0.0,0.0,6.5582873e-35,0.0,1.0
1320036032,0.0,0.0,0.0,0.0,1.0
1320036142,0.25,0.0,0.0,0.0,0.75
1320037342,0.0,0.0,0.0,0.0,1.0
1320040872,0.0,0.0,0.0,1.0,0.0
1330003052,0.0,0.0,0.0,1.0,0.0
1330006212,0.0,0.0,0.0,1.0,0.0
1330007723,0.0,0.0,0.0,1.0,0.0
1330008533,0.0,0.0,0.0,1.0,0.0
1330008622,0.0,0.0,0.0,1.0,0.0
1330010923,0.0,0.0,0.0,0.0,1.0
1330015103,1.21592e-39,0.0,0.0,0.0,1.0
1420040083,0.0,0.0,0.0,1.0,0.0
1420043703,0.0,0.0,0.0,1.0,0.0
1420049113,0.0,0.0,0.0,1.0,0.0
1430002253,0.0,0.0,0.0,1.0,0.0
1430002872,0.0,0.0,0.0,1.0,0.0
1430004273,0.0,0.0,0.0,1.0,0.0
1430005083,0.0,0.0,0.0,1.0,0.0
1440001863,0.0,0.0,0.0,1.0,0.0
1450003703,0.0,0.0,0.0,1.0,0.0
1450009233,0.0,0.0,0.0,1.0,0.0
1450009543,0.0,0.0,0.0,1.0,0.0
1450009923,0.0,0.0,0.0,1.0,0.0
1450011142,0.0,0.0,0.0,1.0,0.0
1450014203,0.0,0.0,0.0,1.0,0.0
1460002782,0.0,0.0,0.0,1.0,0.0
1460009393,0.0,0.0,0.0,1.0,0.0
1510001923,0.0,0.0,0.0,0.0,1.0
1530004152,0.0,0.0,0.0,1.0,0.0
1530011512,0.0,0.0,0.0,1.0,0.0
1530012122,0.0,0.0,0.0,1.0,0.0
1540002042,0.0,0.0,0.0,1.0,0.0
1620004522,0.0,0.0,0.0,1.0,0.0
1620008282,0.0,0.0,0.0,1.0,0.0
1620023612,0.0,0.0,0.0,1.0,0.0
1620031802,0.0,0.0,0.0,1.0,0.0
1620032342,0.0,0.0,0.0,1.0,0.0
1620034183,0.0,0.0,0.0,1.0,0.0
1720001282,0.0,0.0,0.0,0.0,1.0
1720003902,0.0,0.0,1.0,0.0,0.0
1720003932,0.0,0.0,0.0,0.0,1.0
1720004433,0.14285715,0.0,0.0,0.0,0.85714287
1720004453,0.0,0.0,0.0,0.0,1.0
1720010272,0.0,0.0,0.0,0.0,1.0
1720010283,0.0,0.0,0.0,0.0,1.0
1720033122,0.0,0.0,0.0,1.0,0.0
1720042152,1.0,0.0,0.0,0.0,0.0
1720046943,0.0,0.0,0.0,0.0,1.0
1720052653,0.0,0.0,0.0,1.0,0.0
1720054503,1.0,0.0,0.0,0.0,0.0
1720056903,0.0,0.0,0.0,1.0,0.0
1810030972,0.0,0.0,0.0,0.0,1.0
1810042913,0.0,0.0,0.0,0.0,1.0
2110011792,0.0,0.0,0.0,1.0,0.0
2110020813,0.0,0.0,0.0,1.0,0.0
2110024562,0.0,0.0,0.0,1.0,0.0
2110026463,0.0,0.0,0.0,1.0,0.0
2130000053,0.0,0.0,0.0,1.0,0.0
2130000103,0.0,0.0,0.0,1.0,0.0
2130002132,0.0,0.0,0.0,0.0,1.0
2130004282,0.0,0.0,0.0,0.0,1.0
2130004742,0.0,0.0,0.0,1.0,0.0
2130024252,0.0,0.0,0.0,1.0,0.0
2130026062,0.0,0.0,0.0,1.0,0.0
2140010713,0.0,0.0,0.0,1.0,0.0
2140014592,0.0,0.0,0.0,1.0,0.0
2140016022,0.0,0.0,0.0,1.0,0.0
2150000032,0.0,0.0,0.0,1.0,0.0
2150005082,0.0,0.0,0.0,1.0,0.0
2160009382,0.0,0.0,0.0,0.0,1.0
2160009923,0.0,0.0,0.0,1.0,0.0
2160020822,0.0,0.0,0.0,1.0,0.0
2160026602,0.0,0.0,0.0,1.0,0.0
2160046863,0.0,0.0,0.0,1.0,0.0
2220000093,0.0,0.0,0.0,1.0,0.0
2220014373,0.0,0.0,0.0,1.0,0.0
2220020922,0.0,0.0,0.0,1.0,0.0
2220029372,0.0,0.0,0.0,1.0,0.0
2230005753,0.0,0.0,0.0,1.0,0.0
2230021903,0.0,0.0,0.0,1.0,0.0
2230037623,0.0,0.0,0.0,1.0,0.0
2230043572,0.0,0.0,0.0,1.0,0.0
2230044463,0.0,0.0,0.0,1.0,0.0
2230062373,0.0,0.0,0.0,1.0,0.0
2230073093,0.0,0.0,0.0,1.0,0.0
2240003112,0.0,0.0,0.0,1.0,0.0
2250031083,0.0,0.0,0.0,1.0,0.0
2250031093,0.0,0.0,0.0,1.0,0.0
2250085593,0.0,0.0,0.0,1.0,0.0
2250088883,0.0,0.0,0.0,1.0,0.0
2250088893,0.0,0.0,0.0,1.0,0.0
2260001413,0.0,0.0,0.0,1.0,0.0
2260031502,0.0,0.0,0.0,1.0,0.0
2260033822,0.0,0.0,0.0,1.0,0.0
2270044473,1.0,0.0,0.0,0.0,0.0
2270102272,0.0,0.0,0.0,1.0,0.0
2270141422,0.0,0.0,0.0,1.0,0.0
2280007082,0.0,0.0,0.0,1.0,0.0
2310000123,0.0,0.0,0.0,1.0,0.0
2310000133,0.0,0.0,0.0,1.0,0.0
2310000143,0.0,0.0,0.0,1.0,0.0
2310015232,0.0,0.0,0.0,1.0,0.0
2310028243,0.0,0.0,0.0,0.0,1.0
2310028773,0.0,0.0,0.0,1.0,0.0
2320145123,0.0,0.0,0.0,1.0,0.0
2320145143,0.5,0.0,0.0,0.0,0.5
2320145153,0.0,0.0,0.0,0.0,1.0
2320145163,1.0,0.0,0.0,0.0,0.0
2320145183,1.0,0.0,0.0,0.0,0.0
2320146452,1.0,0.0,0.0,0.0,0.0
2320253402,0.0,0.0,0.0,0.0,1.0
2330041242,0.0,0.0,0.0,1.0,0.0
2330042812,0.0,0.0,0.0,1.0,0.0
2330073342,0.0,0.0,0.0,1.0,0.0
2340000023,0.0,0.0,0.0,1.0,0.0
2340009563,0.0,0.0,0.0,1.0,0.0
2340009603,0.0,0.0,0.0,1.0,0.0
2340009652,0.0,0.0,0.0,1.0,0.0
2410000012,0.0,0.0,0.0,1.0,0.0
2420056183,0.0,0.0,0.0,1.0,0.0
2420103152,0.0,0.0,0.0,1.0,0.0
2420169883,0.0,0.0,0.0,1.0,0.0
2420171232,0.0,0.0,0.0,1.0,0.0
2420190622,0.0,0.0,0.0,1.0,0.0
2420198012,0.0,0.0,0.0,1.0,0.0
2420211453,0.0,0.0,0.0,1.0,0.0
2420211473,0.0,0.0,0.0,1.0,0.0
2420216142,0.0,0.0,0.0,1.0,0.0
2420223932,0.0,0.0,0.0,1.0,0.0
2420247492,0.0,0.0,0.0,1.0,0.0
2430013653,0.0,0.0,0.0,1.0,0.0
2430018852,0.0,0.0,0.0,1.0,0.0
2430022262,0.0,0.0,0.0,1.0,0.0
2430032542,0.0,0.0,0.0,1.0,0.0
2430040072,0.0,0.0,0.0,1.0,0.0
2430049102,0.0,0.0,0.0,1.0,0.0
2430049112,0.0,0.0,0.0,1.0,0.0
2430050912,0.0,0.0,0.0,1.0,0.0
2430052952,0.0,0.0,0.0,1.0,0.0
2430082632,0.0,0.0,0.0,1.0,0.0
2430089002,0.0,0.0,0.0,1.0,0.0
2430089012,0.0,0.0,0.0,1.0,0.0
2430089022,0.0,0.0,0.0,1.0,0.0
2430090182,0.0,0.0,0.0,1.0,0.0
2430090663,0.0,0.0,0.0,1.0,0.0
2430092802,0.0,0.0,0.0,1.0,0.0
2430094883,0.0,0.0,0.0,1.0,0.0
2430107363,0.0,0.0,0.0,1.0,0.0
2430107373,0.0,0.0,0.0,1.0,0.0
2430109252,0.0,0.0,0.0,1.0,0.0
2430120303,0.0,0.0,0.0,1.0,0.0
2430120723,0.0,0.0,0.0,1.0,0.0
2430120922,0.0,0.0,0.0,1.0,0.0
2430130682,0.0,0.0,0.0,1.0,0.0
2430132242,0.0,0.0,0.0,1.0,0.0
2430149483,0.0,0.0,0.0,1.0,0.0
2430149783,0.0,0.0,0.0,1.0,0.0
2430149842,0.0,0.0,0.0,1.0,0.0
2430152152,0.0,0.0,0.0,1.0,0.0
2430156432,0.0,0.0,0.0,1.0,0.0
2430156902,0.0,0.0,0.0,1.0,0.0
2430166882,0.0,0.0,0.0,1.0,0.0
2430175082,0.0,0.0,0.0,1.0,0.0
2430180142,0.0,0.0,0.0,1.0,0.0
2430182622,0.0,0.0,0.0,1.0,0.0
2430182692,0.0,0.0,0.0,1.0,0.0
2430185162,0.0,0.0,0.0,1.0,0.0
2430186442,0.0,0.0,0.0,1.0,0.0
2430190002,0.0,0.0,0.0,1.0,0.0
2430215162,0.0,0.0,0.0,1.0,0.0
2430215172,0.0,0.0,0.0,1.0,0.0
2430215182,0.0,0.0,0.0,1.0,0.0
2430215192,0.0,0.0,0.0,1.0,0.0
2430215202,0.0,0.0,0.0,1.0,0.0
2430215282,0.0,0.0,0.0,1.0,0.0
2430219873,0.0,0.0,0.0,1.0,0.0
2430219882,0.0,0.0,0.0,1.0,0.0
2430231332,0.0,0.0,0.0,1.0,0.0
2430231562,0.0,0.0,0.0,1.0,0.0
2430231573,0.0,0.0,0.0,1.0,0.0
2430231583,0.0,0.0,0.0,1.0,0.0
2430232482,0.0,0.0,0.0,1.0,0.0
2430235743,0.0,0.0,0.0,1.0,0.0
2430269732,0.0,0.0,0.0,1.0,0.0
2430269883,0.0,0.0,0.0,1.0,0.0
2430276873,0.0,0.0,0.0,1.0,0.0
2430279392,0.0,0.0,0.0,1.0,0.0
2430281272,0.0,0.0,0.0,1.0,0.0
2430281932,0.0,0.0,0.0,1.0,0.0
2430301672,0.0,0.0,0.0,1.0,0.0
2430304182,0.0,0.0,0.0,1.0,0.0
2430306733,0.0,0.0,0.0,1.0,0.0
2430308852,0.0,0.0,0.0,1.0,0.0
2430314662,0.0,0.0,0.0,1.0,0.0
2430315713,0.0,0.0,0.0,1.0,0.0
2430323663,0.0,0.0,0.0,1.0,0.0
2430340143,0.0,0.0,0.0,1.0,0.0
2430341053,0.0,0.0,0.0,1.0,0.0
2430341733,0.0,0.0,0.0,1.0,0.0
2430341843,0.0,0.0,0.0,1.0,0.0
2430360692,0.0,0.0,0.0,1.0,0.0
2430367792,0.0,0.0,0.0,1.0,0.0
2430368042,0.0,0.0,0.0,1.0,0.0
2430369432,0.0,0.0,0.0,1.0,0.0
2430369582,0.0,0.0,0.0,1.0,0.0
2430378782,0.0,0.0,0.0,1.0,0.0
2430382423,0.0,0.0,0.0,1.0,0.0
2430382503,0.0,0.0,0.0,1.0,0.0
2430382882,0.0,0.0,0.0,1.0,0.0
2430401062,0.0,0.0,0.0,1.0,0.0
2430411422,0.0,0.0,0.0,1.0,0.0
2430413382,0.0,0.0,0.0,1.0,0.0
2430432123,0.0,0.0,0.0,1.0,0.0
2430432293,0.0,0.0,0.0,1.0,0.0
2430434302,0.0,0.0,0.0,1.0,0.0
2430440632,0.0,0.0,0.0,1.0,0.0
2430440642,0.0,0.0,0.0,1.0,0.0
2430440752,0.0,0.0,0.0,1.0,0.0
2430440872,0.0,0.0,0.0,1.0,0.0
2430441233,0.0,0.0,0.0,1.0,0.0
2430455603,0.0,0.0,0.0,1.0,0.0
2430455613,0.0,0.0,0.0,1.0,0.0
2440001572,0.0,0.0,0.0,1.0,0.0
2440003262,0.0,0.0,0.0,1.0,0.0
2440022513,0.0,0.0,0.0,1.0,0.0
2440038652,0.0,0.0,0.0,1.0,0.0
2440044402,0.0,0.0,0.0,1.0,0.0
2440060322,0.0,0.0,0.0,1.0,0.0
2440072192,0.0,0.0,0.0,1.0,0.0
2440083022,0.0,0.0,0.0,1.0,0.0
2440083233,0.0,0.0,0.0,1.0,0.0
2440083892,0.0,0.0,0.0,1.0,0.0
2440101662,0.0,0.0,0.0,1.0,0.0
2440101722,0.0,0.0,0.0,1.0,0.0
2440119262,0.0,0.0,0.0,1.0,0.0
2440119282,0.0,0.0,0.0,1.0,0.0
2440119292,0.0,0.0,0.0,1.0,0.0
2440129103,0.0,0.0,0.0,1.0,0.0
2440148013,0.0,0.0,0.0,1.0,0.0
2440166072,0.0,0.0,0.0,1.0,0.0
2440177782,0.0,0.0,0.0,1.0,0.0
2440178993,0.0,0.0,0.0,1.0,0.0
2440192373,0.0,0.0,0.0,1.0,0.0
2440201692,0.0,0.0,0.0,1.0,0.0
2440208113,0.0,0.0,0.0,1.0,0.0
2440208172,0.0,0.0,0.0,1.0,0.0
2440214292,0.0,0.0,0.0,1.0,0.0
2440224732,0.0,0.0,0.0,1.0,0.0
2440247662,1.0,0.0,0.0,0.0,0.0
2440257232,0.0,0.0,0.0,0.0,1.0
2440260052,0.0,0.0,0.0,1.0,0.0
2440260062,0.0,0.0,0.0,1.0,0.0
2440260082,0.0,0.0,0.0,0.0,1.0
2440260193,0.0,0.0,0.0,1.0,0.0
2440260203,0.0,0.0,0.0,1.0,0.0
2440260723,0.0,0.0,0.0,1.0,0.0
2440261452,0.0,0.0,0.0,1.0,0.0
2440269892,0.0,0.0,0.0,1.0,0.0
2440273723,0.0,0.0,0.0,1.0,0.0
2440273823,0.0,0.0,0.0,1.0,0.0
2440286252,0.0,0.0,0.0,1.0,0.0
2440301942,0.0,0.0,0.0,0.5,0.5
2440302392,0.0,0.0,0.0,1.0,0.0
2440306332,0.0,0.0,0.0,1.0,0.0
2440309333,0.0,0.0,0.0,1.0,0.0
2440309963,0.0,0.0,0.0,1.0,0.0
2440314082,0.0,0.0,0.0,0.0,1.0
2440314093,0.0,0.0,0.0,1.0,0.0
2440317893,0.0,0.0,0.0,0.0,1.0
2440336582,0.0,0.0,0.0,0.0,1.0
2440337082,0.0,0.0,0.0,0.0,1.0
2440342142,1.0,0.0,0.0,0.0,0.0
2440348633,0.0,0.0,0.0,0.0,1.0
2440348643,0.5,0.0,0.0,0.0,0.5
2440366783,0.0,0.0,0.0,1.0,0.0
2440405553,0.0,0.0,0.0,1.0,0.0
2440410362,0.0,0.0,1.0,0.0,0.0
2440410472,0.0,0.0,0.0,0.0,1.0
2440459983,0.0,0.0,0.0,1.0,0.0
2440460003,0.0,0.0,0.0,1.0,0.0
2440460032,0.0,0.0,0.0,0.0,1.0
2440460043,0.0,0.0,0.0,0.0,1.0
2440507503,0.0,0.0,0.0,1.0,0.0
2440526623,0.33333334,0.0,0.0,0.6666667,0.0
2440550262,0.0,0.0,0.0,1.0,0.0
2440554173,1.0,0.0,0.0,0.0,0.0
2510049812,0.0,0.0,0.0,1.0,0.0
2510096362,0.0,0.0,0.0,1.0,0.0
2510096382,0.0,0.0,0.0,0.0,1.0
2510102502,0.0,0.0,1.0,0.0,0.0
2510122762,0.0,0.0,0.0,1.0,0.0
2510135443,0.0,0.0,0.0,1.0,0.0
2510136122,1.0,0.0,0.0,0.0,0.0
2510185563,0.0,0.0,0.0,1.0,0.0
2510185573,0.0,0.0,0.0,1.0,0.0
2510217833,0.0,0.0,0.0,1.0,0.0
2510222253,0.0,0.0,0.0,1.0,0.0
2510224962,0.0,0.0,0.0,0.0,1.0
2510243713,0.0,0.0,0.0,1.0,0.0
2510314642,0.0,0.0,0.0,0.0,1.0
2510330583,0.0,0.0,0.0,1.0,0.0
2510353392,0.0,0.0,0.0,1.0,0.0
2510354132,0.0,0.0,0.0,0.0,1.0
2520008153,0.0,0.0,0.0,1.0,0.0
2520032702,0.0,0.0,0.0,1.0,0.0
2520037763,0.0,0.0,0.0,1.0,0.0
2520037773,0.0,0.0,0.0,1.0,0.0
2520037783,0.0,0.0,0.0,1.0,0.0
2520038172,0.0,0.0,0.0,1.0,0.0
2520038342,0.0,0.0,0.0,1.0,0.0
2520038352,0.0,0.0,0.0,1.0,0.0
2520040072,0.0,0.0,0.0,1.0,0.0
2520062032,0.0,0.0,0.0,1.0,0.0
2520062052,0.0,0.0,0.0,1.0,0.0
2520066973,0.0,0.0,0.0,1.0,0.0
2520079683,0.0,0.0,0.0,1.0,0.0
2520079692,0.0,0.0,0.0,1.0,0.0
2520080903,0.0,0.0,0.0,1.0,0.0
2520080913,0.0,0.0,0.0,1.0,0.0
2520087493,0.0,0.0,0.0,1.0,0.0
2520102532,0.0,0.0,0.0,1.0,0.0
2520103743,0.0,0.0,0.0,1.0,0.0
2520113562,0.0,0.0,0.0,1.0,0.0
2520113573,0.0,0.0,0.0,1.0,0.0
2520113582,0.0,0.0,0.0,1.0,0.0
2520114062,0.0,0.0,0.0,1.0,0.0
2520115212,0.0,0.0,0.0,1.0,0.0
2520130442,0.0,0.0,0.0,1.0,0.0
2520142262,0.0,0.0,0.0,1.0,0.0
2520143252,0.0,0.0,0.0,1.0,0.0
2520143632,0.0,0.0,0.0,1.0,0.0
2520178512,0.0,0.0,0.0,1.0,0.0
2520179593,0.0,0.0,0.0,1.0,0.0
2520180252,0.0,0.0,0.0,1.0,0.0
2520185443,0.0,0.0,0.0,1.0,0.0
2520200032,0.0,0.0,0.0,1.0,0.0
2520239232,0.0,0.0,0.0,1.0,0.0
2520333172,0.0,0.0,0.0,1.0,0.0
2520338332,0.0,0.0,0.0,1.0,0.0
2520378862,0.0,0.0,0.0,1.0,0.0
2520476083,0.0,0.0,0.0,1.0,0.0
2520499433,0.0,0.0,0.0,1.0,0.0
2520554813,0.0,0.0,0.0,1.0,0.0
2520554833,0.0,0.0,0.0,1.0,0.0
2520593073,0.0,0.0,0.0,1.0,0.0
2520608952,0.0,0.0,0.0,1.0,0.0
2520620013,0.0,0.0,0.0,1.0,0.0
2520620023,0.0,0.0,0.0,1.0,0.0
2520679082,0.0,0.0,0.0,1.0,0.0
2610002533,0.0,0.0,0.0,1.0,0.0
2610002593,0.0,0.0,0.0,1.0,0.0
2610003833,0.0,0.0,0.0,1.0,0.0
2610010992,0.0,0.0,0.0,1.0,0.0
2610023253,0.0,0.0,0.0,1.0,0.0
2610648533,0.0,0.0,0.0,1.0,0.0
2610862152,0.0,0.0,0.0,1.0,0.0
2710010892,0.0,0.0,0.0,1.0,0.0
2710010982,1.0,0.0,0.0,0.0,0.0
2710036202,0.0,0.0,0.0,1.0,0.0
2710037483,0.0,0.0,0.0,0.0,1.0
2830059033,0.0,0.0,0.0,1.0,0.0
2830059982,0.0,0.0,0.0,1.0,0.0
2830060712,0.0,0.0,0.0,1.0,0.0
2830061663,0.0,0.0,0.0,1.0,0.0
2830061673,0.0,0.0,0.0,1.0,0.0
2830061713,0.0,0.0,0.0,1.0,0.0
2830073763,0.0,0.0,0.0,1.0,0.0
2830082372,0.0,0.0,0.0,1.0,0.0
2830087223,0.0,0.0,0.0,1.0,0.0
2830088363,0.0,0.0,0.0,1.0,0.0
2830088393,0.0,0.0,0.0,1.0,0.0
2830092882,0.0,0.0,0.0,1.0,0.0
2830092932,0.0,0.0,0.0,1.0,0.0
2830115343,0.0,0.0,0.0,1.0,0.0
2830122013,0.0,0.0,0.0,1.0,0.0
2830122033,0.0,0.0,0.0,1.0,0.0
2830141973,0.0,0.0,0.0,1.0,0.0
2830161773,0.0,0.0,0.0,1.0,0.0
2830189663,0.0,0.0,0.0,1.0,0.0
2830192803,0.0,0.0,0.0,1.0,0.0
2830192823,0.0,0.0,0.0,1.0,0.0
2830215213,0.0,0.0,0.0,1.0,0.0
2830219662,0.0,0.0,0.0,1.0,0.0
2840011152,0.0,0.0,1.0,0.0,0.0
2840047123,0.0,0.0,0.0,1.0,0.0
2940009473,0.0,1.0,0.0,0.0,0.0
3110121362,0.0,0.0,0.0,1.0,0.0
3110216873,0.0,0.0,0.0,1.0,0.0
3110218312,0.0,0.0,0.0,1.0,0.0
3110271062,0.0,0.0,0.0,1.0,0.0
3110291362,0.0,0.0,0.0,1.0,0.0
3110297692,0.0,0.0,0.0,1.0,0.0
3110392953,0.0,0.0,0.0,1.0,0.0
3110393282,0.0,0.0,0.0,1.0,0.0
3110436623,0.0,0.0,0.0,1.0,0.0
3110444022,0.0,0.0,0.0,1.0,0.0
3110456142,0.0,0.0,0.0,1.0,0.0
3110503733,0.0,0.0,0.0,1.0,0.0
3110503862,0.0,0.0,0.0,1.0,0.0
3110503923,0.0,0.0,0.0,1.0,0.0
3110505772,0.0,0.0,0.0,1.0,0.0
3110505812,0.0,0.0,0.0,1.0,0.0
3110515882,0.0,0.0,0.0,1.0,0.0
3110701252,0.0,0.0,0.0,1.0,0.0
3120011912,0.0,0.0,0.0,1.0,0.0
3120018132,0.0,0.0,0.0,1.0,0.0
3120022063,0.0,0.0,0.0,1.0,0.0
3120029362,0.0,0.0,0.0,1.0,0.0
3120033243,0.0,0.0,0.0,1.0,0.0
3120047852,0.0,0.0,0.0,1.0,0.0
3120066572,0.0,0.0,0.0,1.0,0.0
3120077592,0.0,0.0,0.0,1.0,0.0
3120078093,0.0,0.0,0.0,1.0,0.0
3120095252,0.0,0.0,0.0,1.0,0.0
3120098352,0.0,0.0,0.0,1.0,0.0
3120103772,0.0,0.0,0.0,1.0,0.0
3120122883,0.0,0.0,0.0,1.0,0.0
3120128063,0.0,0.0,0.0,1.0,0.0
3120128853,0.0,0.0,0.0,1.0,0.0
3120129522,0.0,0.0,0.0,1.0,0.0
3120147883,0.0,0.0,0.0,1.0,0.0
3120384652,0.0,0.0,0.0,1.0,0.0
3120385802,0.0,0.0,0.0,1.0,0.0
3120391892,0.0,0.0,0.0,0.0,1.0
3120392992,0.0,0.0,0.0,1.0,0.0
3120405862,0.0,0.0,0.0,1.0,0.0
3120406572,0.0,0.0,0.0,1.0,0.0
3120406672,0.0,0.0,0.0,1.0,0.0
3120450362,0.0,0.0,0.0,1.0,0.0
3120453312,0.0,0.0,0.0,1.0,0.0
3120461902,0.0,0.0,0.0,1.0,0.0
3120473162,0.0,0.0,0.0,1.0,0.0
3120478402,0.0,0.0,0.0,1.0,0.0
3120498532,0.0,0.0,0.0,1.0,0.0
3120502882,0.0,0.0,0.0,1.0,0.0
3120503042,0.0,0.0,0.0,1.0,0.0
3120505582,0.0,0.0,0.0,1.0,0.0
3120520462,0.0,0.0,0.0,1.0,0.0
3120523712,0.0,0.0,0.0,0.0,1.0
3120523772,0.0,0.0,0.0,0.0,1.0
3120539933,0.0,0.0,0.0,1.0,0.0
3120540053,0.0,0.0,0.0,1.0,0.0
3120557742,0.0,0.0,0.0,1.0,0.0
3120567142,0.0,0.0,0.0,1.0,0.0
3120572732,0.0,0.0,0.0,1.0,0.0
3120584972,0.0,0.0,0.0,1.0,0.0
3120601283,0.0,0.0,0.0,1.0,0.0
3120626313,1.0,0.0,0.0,0.0,0.0
3120680662,0.0,0.0,0.0,1.0,0.0
3120687292,0.0,0.0,0.0,1.0,0.0
3120822532,0.0,0.0,0.0,1.0,0.0
3120828372,0.0,0.0,0.0,1.0,0.0
3120871962,0.0,0.0,0.0,1.0,0.0
3121156152,0.0,0.0,0.0,1.0,0.0
3121385772,0.0,0.0,0.0,1.0,0.0
3121887562,0.0,0.0,0.0,1.0,0.0
3122014202,0.0,0.0,0.0,1.0,0.0
3122033242,0.0,0.0,0.0,1.0,0.0
3130053242,0.0,0.0,0.0,1.0,0.0
3130232442,0.0,0.0,0.0,1.0,0.0
3130983863,0.0,0.0,0.0,1.0,0.0
3131012802,0.0,0.0,0.0,1.0,0.0
3131024843,0.0,0.0,0.0,1.0,0.0
3131169262,0.0,0.0,0.0,1.0,0.0
3131281782,0.0,0.0,0.0,1.0,0.0
3131381512,0.0,0.0,0.0,1.0,0.0
3131403082,0.0,0.0,0.0,1.0,0.0
3210310173,0.0,0.0,0.0,1.0,0.0
3210332032,0.0,0.0,0.0,1.0,0.0
3210346223,0.0,0.0,0.0,1.0,0.0
3210349982,0.0,0.0,0.0,1.0,0.0
3210359603,0.0,0.0,0.0,1.0,0.0
3210387573,0.0,0.0,0.0,1.0,0.0
3220043772,0.0,0.0,0.0,1.0,0.0
3220161283,0.0,0.0,0.0,1.0,0.0
3220183892,0.0,0.0,0.0,1.0,0.0
3220190992,0.0,0.0,0.0,1.0,0.0
3220357273,0.0,0.0,0.0,1.0,0.0
3220418062,0.0,0.0,0.5,0.0,0.5
3220421732,0.0,0.0,0.0,1.0,0.0
3220432372,0.0,0.0,0.0,1.0,0.0
3220436192,1.0023264e-29,0.0,0.0,0.0,1.0
3220438652,0.0,0.0,0.0,0.0,1.0
3220438813,0.0,0.0,0.0,0.0,1.0
3220438853,0.0,0.25,0.0,0.75,0.0
3220438873,0.0,0.0,0.0,0.0,1.0
3220479712,1.0,0.0,0.0,0.0,0.0
3220484042,0.0,0.0,1.0,0.0,0.0
3220484113,0.0,0.0,1.0,0.0,0.0
3220484382,0.0,0.0,0.0,0.0,1.0
3220493713,0.42857143,0.0,0.0,0.0,0.5714286
3220509363,0.0,0.0,0.0,1.0,0.0
3220586493,0.0,0.0,0.0,1.0,0.0
3220586683,0.0,0.0,0.0,1.0,0.0
3220589233,0.0,0.0,0.0,1.0,0.0
3220598173,0.0,0.0,0.0,1.0,0.0
3220620962,0.0,0.0,0.0,0.0,1.0
3220632283,0.0,0.0,0.0,1.0,0.0
3310011463,0.0,0.0,0.0,1.0,0.0
3310015943,0.0,0.0,0.0,1.0,0.0
3310084193,0.0,0.0,0.0,1.0,0.0
3310084253,0.0,0.0,0.0,1.0,0.0
3310245672,0.0,0.0,0.0,1.0,0.0
3310254062,0.0,0.0,0.0,1.0,0.0
3310335463,0.0,0.0,0.0,1.0,0.0
3310336453,0.0,0.0,0.0,0.0,1.0
3310341183,0.0,0.0,0.0,1.0,0.0
3310341303,0.0,0.0,0.0,1.0,0.0
3310672413,0.0,0.0,0.0,0.0,1.0
3310775702,0.0,0.0,0.0,1.0,0.0
3310947002,0.0,0.0,0.0,1.0,0.0
3310978512,0.0,0.0,0.0,1.0,0.0
3311012943,0.0,0.0,0.0,1.0,0.0
3311041852,0.0,0.0,0.0,1.0,0.0
3311052542,0.0,0.0,0.0,1.0,0.0
3311054592,0.0,0.0,0.0,1.0,0.0
3311061763,0.0,0.0,0.0,1.0,0.0
3311067592,0.0,0.0,0.0,1.0,0.0
3311269062,0.0,0.0,0.0,1.0,0.0
3311353493,0.0,0.0,0.0,1.0000001,0.0
3311377492,0.0,0.0,0.0,1.0,0.0
3311403562,0.0,0.0,0.0,1.0,0.0
3311422922,0.0,0.0,0.0,1.0,0.0
3311471362,0.0,0.0,0.0,1.0,0.0
3311648132,0.0,0.0,0.0,1.0,0.0
3311653482,0.0,0.0,0.0,1.0,0.0
3320000032,0.0,0.0,0.0,1.0,0.0
3420000132,0.0,0.0,0.0,0.0,1.0
3420044672,0.0,0.0,0.0,1.0,0.0
3420059213,0.0,0.2,0.0,0.8,0.0
3510136202,0.5,0.0,0.0,0.0,0.5
3510176963,0.0,0.0,0.0,0.0,1.0
3510476873,0.0,0.0,0.0,1.0,0.0
3510528312,0.0,0.0,0.0,1.0,0.0
3510542092,0.0,0.0,0.0,1.0,0.0
3510622612,0.0,0.0,0.0,1.0,0.0
3510682482,0.0,0.0,0.0,1.0,0.0
3510739553,0.0,0.0,0.0,1.0,0.0
3510759422,0.0,0.0,0.0,1.0,0.0
3510776452,0.0,0.0,0.0,1.0,0.0
3510787993,0.0,0.0,0.0,1.0,0.0
3510793322,0.0,0.0,0.0,1.0,0.0
3510828082,0.0,0.0,0.0,1.0,0.0
3510947902,0.0,0.0,0.0,1.0,0.0
3510947922,0.0,0.0,0.0,1.0,0.0
3510953522,0.0,0.0,0.0,1.0,0.0
3510953582,0.0,0.0,0.0,1.0,0.0
3510979872,0.0,0.0,0.0,1.0,0.0
3510982562,0.0,0.0,0.0,1.0,0.0
3510983502,0.0,0.0,0.0,1.0,0.0
3510991152,0.0,0.0,0.0,1.0,0.0
3511001292,0.0,0.0,0.0,1.0,0.0
3511006532,0.0,0.0,0.0,1.0,0.0
3511069482,0.0,0.0,0.0,1.0,0.0
3511070513,0.0,0.0,0.0,1.0,0.0
3511110222,0.0,0.0,0.0,1.0,0.0
3511112742,0.0,0.0,0.0,1.0,0.0
3511146012,0.0,0.0,0.0,1.0,0.0
3511153152,0.0,0.0,0.0,1.0,0.0
3511170892,0.0,0.0,0.0,1.0,0.0
3511197482,0.0,0.0,0.0,1.0,0.0
3511247402,0.0,0.0,0.0,1.0,0.0
3511251802,0.0,0.0,0.0,1.0,0.0
3511253292,0.0,0.0,0.0,1.0,0.0
3511254132,0.0,0.0,0.0,1.0,0.0
3511265642,0.0,0.0,0.0,1.0,0.0
3511310752,0.0,0.0,0.0,1.0,0.0
3511321032,0.0,0.0,0.0,1.0,0.0
3511357182,0.0,0.0,0.0,1.0,0.0
3511371932,0.0,0.0,0.0,1.0,0.0
3511376432,0.0,0.0,0.0,1.0,0.0
3511543362,0.0,0.0,0.0,1.0,0.0
3511549682,0.0,0.0,0.0,1.0,0.0
3511551452,0.0,0.0,0.0,1.0,0.0
3511556242,0.0,0.0,0.0,1.0,0.0
3511559212,0.0,0.0,0.0,1.0,0.0
3511570732,0.0,0.0,0.0,1.0,0.0
3511580162,0.0,0.0,0.0,1.0,0.0
3511583732,0.0,0.0,0.0,1.0,0.0
3511627802,0.0,0.0,0.0,1.0,0.0
3511688602,0.0,0.0,0.0,1.0,0.0
3511694922,0.0,0.0,0.0,1.0,0.0
3511702072,0.0,0.0,0.0,1.0,0.0
3511702202,0.0,0.0,0.0,1.0,0.0
3530091932,0.0,0.0,0.0,1.0,0.0
3530219512,0.0,0.0,0.0,1.0,0.0
3540018212,0.0,0.0,0.0,1.0,0.0
3540089062,0.0,0.0,0.0,1.0,0.0
3540100433,0.0,0.0,0.0,1.0,0.0
3540101083,0.0,0.0,0.0,1.0,0.0
3540377992,0.0,0.0,0.0,1.0,0.0
3540384953,0.0,0.0,0.0,1.0,0.0
3540385913,0.0,0.0,0.0,1.0,0.0
3540435442,0.0,0.0,0.0,1.0,0.0
3540435492,0.0,0.0,0.0,1.0,0.0
3540435882,0.0,0.0,0.0,1.0,0.0
3540530093,0.0,0.0,0.0,1.0,0.0
3610009182,0.0,0.0,0.0,0.0,1.0
3610014392,0.0,0.0,1.0,0.0,0.0
3610015842,0.0,0.0,1.0,0.0,0.0
3610016082,0.0,0.0,1.0,0.0,0.0
3610016552,0.0,0.0,0.0,0.0,1.0
3610018753,0.0,0.0,0.5,0.0,0.5
3610019913,0.33333334,0.0,0.0,0.0,0.6666667
3610020002,0.0,0.0,0.0,0.0,1.0
3610020032,0.0,0.0,0.0,0.0,1.0
3610020603,0.5,0.0,0.0,0.0,0.5
3610020693,0.0,0.0,0.0,0.0,1.0
3610020732,0.0,0.0,1.0,0.0,0.0
4110003872,0.0,0.0,0.0,1.0,0.0
4110023132,0.0,0.0,0.0,1.0,0.0
4130024772,0.0,0.0,0.0,1.0,0.0
4130049563,0.0,0.0,0.0,1.0,0.0
4130049733,0.0,0.0,0.0,1.0,0.0
4210006362,0.0,0.0,0.0,1.0,0.0
4220000672,0.5,0.0,0.0,0.0,0.5
4220033403,0.0,0.0,0.0,0.0,1.0
4220034482,0.0,0.0,0.0,1.0,0.0
4220038063,0.0,0.0,0.0,1.0,0.0
4220044573,0.0,0.0,0.0,0.0,1.0
4220046972,0.0,0.0,0.0,0.0,1.0
4220050752,1.0,0.0,0.0,0.0,0.0
4220053202,0.0,0.0,0.0,0.0,1.0
4220058172,1.0,0.0,0.0,0.0,0.0
4220065092,0.0,0.0,0.0,1.0,0.0
4220092222,0.0,0.0,0.0,1.0,0.0
4220096262,0.0,0.0,0.0,1.0,0.0
4220108642,0.0,0.0,0.0,1.0,0.0
4220109932,0.0,0.0,0.0,1.0,0.0
4220147393,0.0,0.0,0.0,1.0,0.0
4220147802,0.0,0.0,0.0,1.0,0.0
4220157453,0.0,0.0,0.0,1.0,0.0
4220157553,0.0,0.0,0.0,1.0,0.0
4220177333,0.0,0.0,0.0,1.0,0.0
4220201743,0.0,0.0,0.0,1.0,0.0
4220201853,0.0,0.0,0.0,1.0,0.0
4220201902,0.0,0.0,0.0,1.0,0.0
4240026892,0.0,0.0,0.0,1.0,0.0
4240037933,0.0,0.0,0.0,1.0,0.0
4240072063,0.0,0.0,0.0,1.0,0.0
4240072343,0.0,0.0,0.0,1.0,0.0
4240076723,0.0,0.0,0.0,1.0,0.0
4240080993,0.0,0.0,0.0,1.0,0.0
4240085763,0.5,0.0,0.0,0.5,0.0
4310018012,0.0,0.0,0.0,1.0,0.0
4310025392,0.0,0.0,0.0,1.0,0.0
4310036572,0.0,0.0,0.0,0.0,1.0
4320000782,0.0,0.0,0.5,0.0,0.5
4320001003,0.0,0.0,1.0,0.0,0.0
4320017542,0.0,0.0,1.0,0.0,0.0
4320068453,0.0,0.0,0.0,1.0,0.0
4320069933,0.0,0.0,1.0,0.0,0.0
4320078173,0.0,0.0,0.0,1.0,0.0
4330027863,0.0,0.0,0.0,1.0,0.0
4340054883,0.0,0.0,0.0,0.0,1.0
4340065462,0.0,0.0,1.0,0.0,0.0
4340204363,0.0,0.0,0.0,1.0,0.0
4340204393,0.0,0.0,0.0,1.0,0.0
4340241952,0.0,0.0,0.0,1.0,0.0
4340246343,0.0,0.0,0.0,1.0,0.0
4340270623,0.0,0.0,0.0,1.0,0.0
4340276603,0.0,0.0,0.0,1.0,0.0
4340299353,0.0,0.0,0.0,1.0,0.0
4340299363,0.0,0.0,0.0,1.0,0.0
4340299372,0.0,0.0,0.0,1.0,0.0
4340326662,0.0,0.0,1.0,0.0,0.0
4340328142,0.0,0.0,0.5,0.0,0.5
4340330183,0.0,0.0,1.0,0.0,0.0
4340335182,0.0,0.0,0.0,0.0,1.0
4340382413,0.0,0.0,0.0,1.0,0.0
4340432853,0.0,1.0,0.0,0.0,0.0
4340445293,0.0,0.0,0.0,1.0,0.0
4340475802,0.0,0.0,0.0,1.0,0.0
4340477003,0.0,0.0,0.0,1.0,0.0
4340509682,0.0,0.0,0.0,1.0,0.0
4340546772,0.0,0.0,0.0,1.0,0.0
4340622852,0.0,0.0,0.0,1.0,0.0
4340623112,0.0,0.0,0.0,1.0,0.0
4340623293,0.0,0.0,0.0,1.0,0.0
4340628992,0.0,0.0,0.0,1.0,0.0
4340669812,0.0,0.0,0.0,1.0,0.0
4340680303,0.0,0.0,0.0,1.0,0.0
4340709403,0.0,0.0,0.0,1.0,0.0
4340844363,0.0,0.0,0.0,1.0,0.0
4340860263,0.0,0.0,0.0,1.0,0.0
4340860912,0.0,0.0,0.0,1.0,0.0
4340861122,0.0,0.0,0.0,1.0,0.0
4340861563,0.0,0.0,0.0,1.0,0.0
4340861573,0.0,0.0,0.0,1.0,0.0
4340861583,0.0,0.0,0.0,1.0,0.0
4340964753,0.0,0.0,0.0,1.0,0.0
4340964773,0.0,0.0,0.0,1.0,0.0
4350013953,0.0,0.0,0.0,1.0,0.0
4350030352,0.0,0.0,0.0,1.0,0.0
4350082943,0.0,0.0,0.0,1.0,0.0
4350083013,0.0,0.0,0.0,1.0,0.0
4350115813,0.0,0.0,0.0,1.0,0.0
4360031383,0.0,0.0,0.0,1.0,0.0
4360031453,0.0,0.0,0.0,1.0,0.0
4360081733,0.0,0.0,0.0,1.0,0.0
4360081742,0.0,0.0,0.0,1.0,0.0
4360264243,0.0,0.0,0.0,1.0,0.0
4410022563,0.0,0.0,0.0,1.0,0.0
4420000352,0.0,0.0,0.0,1.0,0.0
4420024363,0.0,0.0,0.0,1.0,0.0
4420129413,0.0,0.0,0.0,1.0,0.0
4420130043,0.0,0.0,0.0,1.0,0.0
4420181693,0.0,0.0,0.0,0.0,1.0
4420183552,0.0,0.0,1.0,0.0,0.0
4430032752,0.0,0.0,0.0,1.0,0.0
4440006173,0.0,0.0,0.0,1.0,0.0
4440007103,0.0,0.0,0.0,1.0,0.0
4440035212,0.0,0.0,0.0,1.0,0.0
4440045933,0.0,0.0,0.0,1.0,0.0
4440046642,0.0,0.0,0.0,1.0,0.0
4440053563,0.0,0.0,0.0,1.0,0.0
4440057693,0.0,0.0,0.0,1.0,0.0
4450006332,0.0,0.0,0.0,0.0,1.0
4450026722,0.0,0.0,0.0,1.0,0.0
4450046473,0.0,0.0,0.0,1.0,0.0
4520054923,0.0,0.0,0.0,1.0,0.0
4520056353,0.0,0.0,0.0,1.0,0.0
4520075482,1.0,0.0,0.0,0.0,0.0
4520104473,0.0,0.0,0.0,1.0,0.0
4520174233,0.0,0.0,0.0,1.0,0.0
4520318083,0.0,0.0,0.0,1.0,0.0
4520320912,0.0,0.0,1.0,0.0,0.0
4520321112,0.0,0.0,1.0,0.0,0.0
4520431812,0.0,0.0,0.0,1.0,0.0
4520506872,0.0,0.0,0.0,1.0,0.0
4520537123,0.0,0.0,1.0,0.0,0.0
4530088623,0.0,0.0,0.0,1.0,0.0
4530106663,0.0,0.0,0.0,0.0,1.0
4530132153,0.0,0.0,0.0,0.0,1.0
4530154843,0.0,0.0,0.0,1.0,0.0
4530179013,0.0,0.0,0.0,0.0,1.0
4530185723,0.0,0.0,0.0,0.0,1.0
4530185793,0.0,0.0,0.0,0.0,1.0
4530247173,0.0,0.0,0.0,1.0,0.0
4530322212,0.0,0.0,0.0,1.0,0.0
4530347283,0.0,0.0,0.0,1.0,0.0
4530481472,0.0,0.0,0.0,1.0,0.0
4530487643,0.0,0.0,0.0,0.0,1.0
4530612753,0.0,0.0,0.0,1.0,0.0
4530657533,0.0,0.0,0.0,1.0,0.0
4530661893,0.0,0.0,0.0,1.0,0.0
4530662143,0.0,1.0,0.0,0.0,0.0
4540010073,0.0,0.0,0.0,0.0,1.0
4540027783,1.0,0.0,0.0,0.0,0.0
4540042523,0.0,0.0,0.0,1.0,0.0
4540068343,0.0,0.0,0.0,1.0,0.0
4550051802,0.0,0.0,0.0,1.0,0.0
4550056472,0.0,0.0,0.0,1.0,0.0
4550096182,0.0,0.0,0.0,1.0,0.0
4560009422,0.0,0.0,0.0,1.0,0.0
4560016383,0.0,0.0,0.0,0.0,1.0
4560036213,0.0,0.0,0.0,1.0,0.0
4560038452,0.0,0.0,1.0,0.0,0.0
4560038982,0.0,0.0,1.0,0.0,0.0
4560041012,0.0,0.0,1.0,0.0,0.0
4560042003,0.0,0.0,1.0,0.0,0.0
4560056503,0.0,0.0,0.0,0.0,1.0
4580004952,0.0,0.0,0.0,1.0,0.0
4580021702,0.0,0.0,0.0,1.0,0.0
4580035352,0.0,0.0,0.0,1.0,0.0
4580051292,0.0,0.0,0.0,1.0,0.0
4610001882,0.0,0.0,0.0,1.0,0.0
4610009282,0.0,0.0,0.0,1.0,0.0
4610010202,0.0,0.0,0.0,1.0,0.0
4610032273,0.0,0.0,0.0,1.0,0.0
4610032402,0.0,0.0,0.0,1.0,0.0
4610033562,0.0,0.0,0.0,1.0,0.0
4610055042,0.0,0.0,0.0,1.0,0.0
4610055052,0.0,0.0,0.0,1.0,0.0
4610057062,0.0,0.0,0.0,1.0,0.0
4620005313,0.0,0.0,0.0,1.0,0.0
4620014182,0.0,0.0,0.33333334,0.0,0.6666667
4620022352,0.0,0.0,0.0,1.0,0.0
4620022872,0.0,0.0,0.0,0.0,1.0
4620033793,0.0,0.0,0.0,1.0,0.0
4620036363,0.0,0.0,0.0,1.0,0.0
4620036843,0.0,0.0,0.0,1.0,0.0
4630002392,0.0,0.0,0.0,0.0,1.0
4630005273,0.0,0.0,0.0,0.0,1.0
4630008512,0.0,0.0,0.0,1.0,0.0
4630024492,0.0,0.0,0.0,0.9999999,0.0
4630057762,0.0,0.0,0.0,1.0,0.0
4630059582,0.0,0.0,0.0,1.0,0.0
4630060642,0.0,0.0,0.0,1.0,0.0
4820000422,0.0,0.0,0.0,0.0,1.0
4820005582,0.0,0.0,0.0,0.0,1.0
4820007362,0.0,0.0,1.0,0.0,0.0
4820011732,0.0,0.0,1.0,0.0,0.0
4820016053,0.0,0.0,0.0,0.0,1.0
4820026673,0.0,0.0,0.5,0.0,0.5
4820034623,0.0,0.0,0.0,0.0,1.0
4820040032,0.0,0.0,0.0,0.0,1.0
4820044662,0.0,0.0,0.0,0.0,1.0
4820045282,0.0,0.0,1.0,0.0,0.0
4830000563,0.0,0.0,1.0,0.0,0.0
4830001563,0.0,0.0,1.0,0.0,0.0
4830001963,0.0,0.0,1.0,0.0,0.0
4830002862,0.0,0.0,1.0,0.0,0.0
4830003512,0.0,0.0,0.0,0.0,1.0
4830009082,0.0,0.0,1.0,0.0,0.0
4830014152,0.0,0.0,1.0,0.0,0.0
4910000012,0.0,0.0,1.0,0.0,0.0
4910001862,0.0,0.0,1.0,0.0,0.0
4910002233,0.0,0.0,1.0,0.0,0.0
4910004042,0.0,0.0,1.0,0.0,0.0
4910004652,0.0,0.0,0.0,0.0,1.0
4910007842,0.0,0.0,1.0,0.0,0.0
4910007982,0.0,0.0,0.0,0.0,1.0
4910008103,0.0,0.0,0.5,0.0,0.5
4910011242,0.0,0.0,1.0,0.0,0.0
4910011482,0.0,0.0,1.0,0.0,0.0
4910013832,0.0,0.0,1.0,0.0,0.0
4910014902,0.0,0.0,1.0,0.0,0.0
4910015152,0.0,0.0,1.0,0.0,0.0
4910017642,0.0,0.0,1.0,0.0,0.0
4910019542,0.0,0.0,1.0,0.0,0.0
4910020512,0.0,0.0,1.0,0.0,0.0
4910020542,0.0,0.0,0.0,0.0,1.0
4910021003,0.0,0.0,1.0,0.0,0.0
4910024042,0.0,0.0,0.0,0.0,1.0
4910025482,0.0,0.0,1.0,0.0,0.0
4910026052,0.0,0.0,0.0,0.0,1.0
4910029022,0.0,0.0,1.0,0.0,0.0
4910032392,0.0,0.0,1.0,0.0,0.0
4910033142,0.0,0.0,1.0,0.0,0.0
4910033193,0.0,0.0,1.0,0.0,0.0
4910033242,0.0,0.0,1.0,0.0,0.0
4910034873,0.0,0.0,1.0,0.0,0.0
4910035132,0.0,0.0,5.680491e-30,0.0,1.0
4910035162,0.0,0.0,1.0,0.0,0.0
4910036272,0.0,0.0,1.0,0.0,0.0
4910036662,0.0,0.0,1.0,0.0,0.0
4910036843,0.0,0.0,0.5,0.0,0.5
4910036923,0.0,0.0,1.0,0.0,0.0
4910038062,0.0,0.0,1.0,0.0,0.0
4910040982,0.0,0.0,1.0,0.0,0.0
4910046172,0.0,0.0,1.0,0.0,0.0
4910048032,0.0,0.0,1.0,0.0,0.0
4920000142,0.0,0.0,1.0,0.0,0.0
4920011382,0.0,0.0,0.5,0.0,0.5
4920015862,0.0,0.0,1.0,0.0,0.0
4920016552,0.0,0.0,1.0,0.0,0.0
4920020112,0.0,0.0,0.0,0.0,1.0
4920025052,0.0,0.0,0.5,0.0,0.5
4920037722,0.0,0.0,1.0,0.0,0.0
4920072193,0.0,0.0,1.0,0.0,0.0
4920074422,0.0,0.0,1.0,0.0,0.0
4920074612,0.0,0.0,1.0,0.0,0.0
4920076602,0.0,0.0,1.0,0.0,0.0
4920079192,0.0,0.0,1.0,0.0,0.0
4920079922,0.0,0.0,1.0,0.0,0.0
4920080792,0.0,0.0,1.0,0.0,0.0
4920081352,0.0,0.0,1.0,0.0,0.0
4920081472,0.0,0.0,1.0,0.0,0.0
4920081582,0.0,0.0,1.0,0.0,0.0
4920081662,0.0,0.0,0.5,0.0,0.5
4920083432,0.0,0.0,1.0,0.0,0.0
4920086243,0.0,0.0,1.0,0.0,0.0
4920086882,0.0,0.0,1.0,0.0,0.0
4920093492,0.0,0.0,1.0,0.0,0.0
5110011512,0.0,0.0,0.0,1.0,0.0
5240010743,0.0,0.0,0.0,0.0,1.0
5310029733,0.0,0.0,0.0,1.0,0.0
5310030962,0.0,0.0,0.0,1.0,0.0
5310040762,0.0,0.0,0.0,1.0,0.0
5310046543,0.0,0.0,1.0,0.0,0.0
5310050162,0.0,0.0,0.0,1.0,0.0
5360000262,0.0,0.0,0.0,1.0,0.0
5610002942,0.0,0.0,0.0,1.0,0.0
5610010242,0.0,0.0,0.0,1.0,0.0
5610039703,0.0,0.0,0.0,1.0,0.0
5610074512,0.0,0.0,0.0,1.0,0.0
5620013993,0.0,0.0,0.0,1.0,0.0
5630012932,0.0,0.0,0.0,1.0,0.0
5630030032,0.0,0.0,0.0,1.0,0.0
5630034093,0.0,0.0,0.0,1.0,0.0
5630034952,0.0,0.0,0.0,1.0,0.0
5630036173,0.0,0.0,0.0,1.0,0.0
5630040522,0.0,0.0,0.0,1.0,0.0
5630072442,0.0,0.0,0.0,1.0,0.0
5640001733,0.0,0.0,0.0,1.0,0.0
5640019263,0.0,0.0,0.0,1.0,0.0
5690014272,1.0,0.0,0.0,0.0,0.0
5710000532,0.0,0.0,0.0,1.0,0.0
5710004693,0.0,0.0,0.0,1.0,0.0
5710007353,0.0,0.0,0.0,1.0,0.0
5720005972,0.0,0.0,0.0,1.0,0.0
5720006083,0.0,0.0,0.0,1.0,0.0
5720007732,0.0,0.0,0.0,1.0,0.0
5720011162,0.0,0.0,0.0,1.0,0.0
5720011253,0.0,0.0,0.0,0.0,1.0
6120000042,0.0,0.0,1.0,0.0,0.0
6120004883,0.0,0.0,0.0,0.0,1.0
6120016882,0.0,0.0,0.0,1.0,0.0
6120029222,0.0,0.0,0.0,1.0,0.0
6120039543,0.0,0.0,0.0,1.0,0.0
6120058162,0.0,0.0,0.0,1.0,0.0
6130002862,0.0,0.0,0.0,1.0,0.0
6130004092,0.0,0.0,0.0,1.0,0.0
6130019142,0.0,0.0,0.0,1.0,0.0
6130026602,0.0,0.0,0.0,1.0,0.0
6150098723,0.0,0.0,0.0,1.0,0.0
6150101712,0.0,0.0,0.0,1.0,0.0
6150109662,0.0,0.0,0.0,1.0,0.0
6220048622,0.0,0.0,0.0,1.0,0.0
6220060582,0.0,0.0,0.0,0.0,1.0
6220152892,0.0,0.0,0.0,1.0,0.0
6220178832,0.0,0.0,0.0,1.0,0.0
6220179252,0.0,0.0,0.0,1.0,0.0
6220179472,0.0,0.0,0.0,1.0,0.0
6220184472,0.0,0.0,0.0,1.0,0.0
6220191302,0.0,0.0,0.0,1.0,0.0
6220203722,0.0,0.0,0.0,1.0,0.0
6220206322,0.0,0.0,0.0,1.0,0.0
6220210392,0.0,0.0,0.0,1.0,0.0
6220306033,0.0,0.0,0.0,1.0,0.0
6220306073,0.0,0.0,0.0,1.0,0.0
6220321573,0.0,0.0,0.0,1.0,0.0
6220351863,0.0,0.0,0.0,1.0,0.0
6220352143,0.0,0.0,0.0,1.0,0.0
6220352313,0.0,0.0,0.0,1.0,0.0
6220353953,0.0,0.0,0.0,1.0,0.0
6220382853,0.0,0.0,0.0,1.0,0.0
6220405973,0.0,0.0,0.0,1.0,0.0
6220414293,0.0,0.0,0.0,1.0,0.0
6220415592,0.0,0.0,0.0,1.0,0.0
6220415633,0.0,0.0,0.0,1.0,0.0
6220416543,0.0,0.0,0.0,1.0,0.0
6220431823,0.0,0.0,0.0,1.0,0.0
6220432703,0.0,0.0,0.0,1.0,0.0
6220434583,0.0,0.0,0.0,1.0,0.0
6220446683,0.0,0.0,0.0,1.0,0.0
6220447003,0.0,0.0,0.0,1.0,0.0
6220447132,0.0,0.0,0.0,1.0,0.0
6220449352,0.0,0.0,0.0,1.0,0.0
6220449422,0.0,0.0,0.0,1.0,0.0
6220449453,0.0,0.0,0.0,1.0,0.0
6220460253,0.0,0.0,0.0,1.0,0.0
6220468853,0.0,0.0,0.0,1.0,0.0
6220469253,0.0,0.0,0.0,1.0,0.0
6220469702,0.0,0.0,0.0,1.0,0.0
6220469862,0.0,0.0,0.0,1.0,0.0
6220471483,0.0,0.0,0.0,1.0,0.0
6220471493,0.0,0.0,0.0,1.0,0.0
6220471513,0.0,0.0,0.0,1.0,0.0
6220503743,0.0,0.0,0.0,1.0,0.0
6220503893,0.0,0.0,0.0,1.0,0.0
6220505512,0.0,0.0,0.0,1.0,0.0
6220506152,0.0,0.0,0.0,1.0,0.0
6220506183,0.0,0.0,0.0,1.0,0.0
6220506272,0.0,0.0,0.0,1.0,0.0
6220506363,0.0,0.0,0.0,1.0,0.0
6220506373,0.0,0.0,0.0,1.0,0.0
6230000133,0.0,0.0,0.0,1.0,0.0
6240067663,0.0,0.0,0.0,1.0,0.0
6240068023,0.0,0.0,0.5,0.0,0.5
6250004293,0.0,0.0,0.0,1.0,0.0
6310010332,0.0,0.0,0.0,1.0,0.0
6310043542,0.0,0.0,0.0,1.0,0.0
6320006242,0.0,0.0,0.0,1.0,0.0
6320006943,0.0,0.0,0.0,1.0,0.0
6330057553,0.0,0.0,0.0,1.0,0.0
6340032833,0.0,0.0,0.0,1.0,0.0
6340036243,0.0,0.0,0.0,1.0,0.0
6340036253,0.0,0.0,0.0,1.0,0.0
6350001313,0.0,0.0,0.0,0.0,1.0
6350041623,0.0,0.0,0.0,1.0,0.0
6410011693,0.0,0.0,0.0,1.0,0.0
6410063612,0.0,0.0,0.0,1.0,0.0
6410063653,0.0,0.0,0.0,1.0,0.0
6410063663,0.0,0.0,0.0,1.0,0.0
6410150523,0.0,0.0,0.0,0.0,1.0
6410181453,0.0,0.0,0.0,1.0,0.0
6410184592,0.0,0.0,0.0,1.0,0.0
6410206363,0.0,0.0,0.0,0.0,1.0
6410206463,0.0,0.0,0.0,0.0,1.0
6420083532,0.0,0.0,0.0,1.0,0.0
6420084152,0.0,0.0,0.0,1.0,0.0
6420084162,0.0,0.0,0.0,1.0,0.0
6420086642,0.0,0.0,0.0,1.0,0.0
6420115102,0.0,0.0,0.0,1.0,0.0
6420123542,0.0,0.0,0.0,1.0,0.0
6420124472,0.0,0.0,0.0,1.0,0.0
6420163252,0.0,0.0,0.0,1.0,0.0
6420166872,0.0,0.0,0.0,1.0,0.0
6420198192,0.0,0.0,0.0,1.0,0.0
6420252653,0.0,0.0,0.0,1.0,0.0
6420289992,1.0,0.0,0.0,0.0,0.0
6420297123,1.0,0.0,0.0,0.0,0.0
6420309953,0.0,0.0,0.0,0.0,1.0
6420321013,0.0,0.0,0.0,1.0,0.0
6420321073,0.0,0.0,0.0,0.0,1.0
6420321443,0.0,0.0,0.0,1.0,0.0
6420321733,0.0,0.0,1.0,0.0,0.0
6420321803,0.0,0.0,0.0,1.0,0.0
6420321813,0.0,0.0,0.0,0.0,1.0
6420321833,0.0,0.0,0.0,0.0,1.0
6420321843,0.0,0.0,0.0,1.0,0.0
6420321853,0.0,0.0,0.0,1.0,0.0
6420362692,0.0,0.0,0.0,1.0,0.0
6420452233,0.0,0.0,0.0,1.0,0.0
6420452243,0.0,0.0,0.0,1.0,0.0
6420453513,0.0,0.0,0.0,1.0,0.0
6420453523,0.0,0.0,0.0,1.0,0.0
6420478343,0.0,0.0,0.0,0.0,1.0
6420513243,0.0,0.0,1.0,0.0,0.0
6420513263,0.5,0.0,0.0,0.0,0.5
6420513353,0.0,0.0,0.0,1.0,0.0
6420513453,0.0,0.0,0.0,1.0,0.0
6420513583,0.0,0.0,0.0,1.0,0.0
6420513593,0.0,0.0,0.0,1.0,0.0
6420513633,1.0,0.0,0.0,0.0,0.0
6420513643,0.0,0.0,0.0,0.0,1.0
6420513653,0.0,0.0,0.0,0.0,1.0
6420523362,1.0,0.0,0.0,0.0,0.0
6420530103,0.0,0.0,0.0,0.0,1.0
6420530233,0.0,0.0,0.0,0.0,1.0
6440011952,0.0,0.0,0.0,1.0,0.0
6440011962,0.0,0.0,0.0,1.0,0.0
6440012322,0.0,0.0,0.0,1.0,0.0
6440012983,0.0,0.0,0.0,1.0,0.0
6510003382,0.0,0.0,0.0,1.0,0.0
6510015472,0.0,0.0,0.0,1.0,0.0
6510021102,0.0,0.0,0.0,1.0,0.0
6510050002,0.0,0.0,0.0,1.0,0.0
6510050112,0.0,0.0,0.0,1.0,0.0
6510144772,0.0,0.0,0.0,1.0,0.0
6510185012,0.0,0.0,0.0,1.0,0.0
6510228822,0.0,0.0,0.0,1.0,0.0
6520002383,0.0,0.0,0.0,0.0,1.0
6520008143,0.0,0.0,0.0,1.0,0.0
6530024222,1.0,0.0,0.0,0.0,0.0
6530029102,1.0,0.0,0.0,0.0,0.0
6530029232,0.0,0.0,0.0,0.0,1.0
6530029323,0.0,0.0,0.0,1.0,0.0
6530029383,0.0,0.0,0.0,1.0,0.0
6530034913,0.0,0.0,0.0,1.0,0.0
6530037053,0.0,0.0,0.0,1.0,0.0
6530063023,1.0,0.0,0.0,0.0,0.0
6530063353,0.5,0.0,0.0,0.0,0.5
6530063603,1.0,0.0,0.0,0.0,0.0
6530064272,1.0,0.0,0.0,0.0,0.0
6530064763,1.0,0.0,0.0,0.0,0.0
6530064943,0.0,0.0,0.0,1.0,0.0
6530068812,0.0,0.0,0.0,1.0,0.0
6530068853,1.0,0.0,0.0,0.0,0.0
6530079823,0.0,0.0,0.0,1.0,0.0
6540008422,0.0,0.0,0.0,1.0,0.0
6540008452,0.0,0.0,0.0,1.0,0.0
6610024782,0.0,0.0,0.0,1.0,0.0
6610029402,0.0,0.0,0.0,1.0,0.0
6610030062,0.0,0.0,0.0,1.0,0.0
6610045112,0.0,0.0,0.0,1.0,0.0
6610045672,0.0,0.0,0.0,1.0,0.0
6610047572,0.0,0.0,0.0,1.0,0.0
6610047582,0.0,0.0,0.0,1.0,0.0
6610047642,0.0,0.0,0.0,1.0,0.0
6610047672,0.0,0.0,0.0,1.0,0.0
6610047752,0.0,0.0,0.0,1.0,0.0
6610082452,0.0,0.0,0.0,1.0,0.0
6610106032,0.0,0.0,0.0,1.0,0.0
6610112513,3.50885e-40,0.0,0.0,0.0,1.0
6610112572,0.0,0.0,1.0,0.0,0.0
6610112613,0.0,0.0,0.0,1.0,0.0
6610116952,0.0,0.0,0.0,1.0,0.0
6610125672,0.0,0.0,0.0,1.0,0.0
6610125693,0.0,0.0,0.0,1.0,0.0
6610140672,0.0,0.0,0.0,1.0,0.0
6610142963,1.0,0.0,0.0,0.0,0.0
6610145063,0.0,0.0,0.0,1.0,0.0
6610147293,0.0,0.0,0.0,1.0,0.0
6610151773,0.0,0.0,0.0,1.0,0.0
6610152183,0.0,0.0,0.0,0.0,1.0
6610156233,0.0,0.0,0.0,1.0,0.0
6620000613,0.0,0.0,0.0,0.0,1.0
6620002553,0.0,0.0,0.0,1.0,0.0
6620002583,0.0,0.0,0.0,1.0,0.0
6620005912,0.0,0.0,0.0,1.0,0.0
6620007912,0.0,0.0,0.0,0.0,1.0
6620015862,0.0,0.0,0.0,1.0,0.0
6620015943,0.0,0.0,0.0,1.0,0.0
6640011942,0.0,0.0,1.0,0.0,0.0
6640022782,0.0,0.0,0.5,0.0,0.5
6640025192,0.0,0.0,1.0,0.0,0.0
6720062533,0.0,0.0,0.0,1.0,0.0
6720074062,0.0,0.0,0.0,1.0,0.0
7110009172,0.0,0.0,0.0,0.0,1.0
7110009662,1.0,0.0,0.0,0.0,0.0
7110012843,0.0,0.0,0.0,0.0,1.0
7110015792,0.0,0.0,0.0,0.0,1.0
7110017272,1.0,0.0,0.0,0.0,0.0
7110023033,0.0,0.0,0.0,0.0,1.0
7110024722,0.0,0.0,0.0,0.0,1.0
7110029983,0.0,0.0,0.0,0.0,1.0
7110030142,0.0,0.0,0.0,0.0,1.0
7110032542,0.0,0.0,0.0,0.0,1.0
7110033002,0.0,0.0,0.0,0.0,1.0
7110033862,0.0,0.0,0.0,0.0,1.0
7110041312,0.0,0.0,0.0,0.0,1.0
7110044292,0.0,0.0,0.0,0.0,1.0
7110044502,0.5,0.0,0.0,0.0,0.5
7110044512,0.0,0.0,0.0,0.0,1.0
7110045352,0.5,0.0,0.0,0.0,0.5
7110057883,0.0,0.0,0.0,0.0,1.0
7110059603,0.0,0.0,0.0,1.0,0.0
7110061752,0.5,0.0,0.0,0.0,0.5
7110061762,0.0,0.0,0.0,0.0,1.0
7110068332,0.0,0.0,0.0,0.0,1.0
7110075512,0.0,0.0,0.0,0.0,1.0
7110081092,0.0,0.0,0.0,1.0,0.0
7110083453,0.0,0.0,0.0,0.0,1.0
7110083502,0.0,0.0,0.0,1.0,0.0
7110084472,0.0,0.0,0.0,1.0,0.0
7110084592,0.0,0.0,0.0,1.0,0.0
7110093032,0.0,0.0,0.0,0.0,1.0
7110106553,0.0,0.0,0.0,1.0,0.0
7110121632,0.0,0.0,0.0,1.0,0.0
7110122312,0.0,0.0,0.0,1.0,0.0
7110128602,0.0,0.0,0.0,1.0,0.0
7110186782,0.0,0.0,0.0,1.0,0.0
7110194192,0.0,0.0,0.0,1.0,0.0
7110203263,0.0,1.0,0.0,0.0,0.0
7110207082,0.0,0.0,0.0,1.0,0.0
7110214033,0.0,0.0,0.0,1.0000001,0.0
7110224163,0.0,0.0,0.0,1.0,0.0
7110224552,0.0,0.0,0.0,0.0,1.0
7110284562,0.0,0.0,0.0,0.0,1.0
7110319652,0.5,0.0,0.0,0.0,0.5
7110320632,0.0,0.0,0.0,0.0,1.0
7110321412,0.0,0.0,0.0,0.0,1.0
7110326402,1.0,0.0,0.0,0.0,0.0
7110392082,0.0,0.0,0.0,1.0,0.0
7110394692,0.0,0.0,0.0,1.0,0.0
7110409822,0.0,0.0,0.0,1.0,0.0
7110410452,0.0,0.0,0.0,1.0,0.0
7110410482,0.0,0.0,0.0,1.0,0.0
7110419992,0.0,0.0,0.0,1.0,0.0
7110432502,0.0,0.0,0.0,1.0,0.0
7110445002,0.0,0.0,0.0,1.0,0.0
7110445312,0.0,0.0,0.0,1.0,0.0
7110461282,0.0,0.33333334,0.0,0.6666667,0.0
7110485072,0.0,0.0,0.0,1.0,0.0
7110494132,0.0,0.0,0.0,1.0,0.0
7110502092,0.0,0.0,0.0,1.0,0.0
7110505502,0.0,0.5,0.0,0.5,0.0
7110505612,0.0,0.0,0.0,1.0,0.0
7110516092,0.5,0.0,0.0,0.5,0.0
7110516132,0.0,0.0,0.0,1.0,0.0
7110529952,0.0,0.0,0.0,1.0,0.0
7110570263,0.0,0.0,0.0,1.0,0.0
7110615092,0.0,0.0,0.0,1.0,0.0
7110640893,0.0,0.0,0.0,1.0,0.0
7110650052,0.0,0.0,0.0,1.0,0.0
7110656882,0.0,0.0,0.0,1.0,0.0
7110668962,0.0,0.0,0.0,1.0,0.0
7110684193,0.0,0.0,0.0,1.0,0.0
7110684203,0.0,0.0,0.0,1.0,0.0
7110684212,0.0,0.0,0.0,1.0,0.0
7110686952,0.0,0.0,0.0,1.0,0.0
7110687002,0.0,0.0,0.0,1.0,0.0
7110692392,0.0,0.0,0.0,1.0,0.0
7110710782,0.0,0.0,0.0,1.0,0.0
7110736482,0.0,0.0,0.0,1.0,0.0
7110744632,0.0,0.0,0.0,1.0,0.0
7110747323,0.0,0.0,0.0,1.0,0.0
7110748352,0.0,0.0,0.0,1.0,0.0
7110761022,0.0,0.0,0.0,1.0,0.0
7110785502,0.0,0.0,0.0,1.0,0.0
7110837862,0.0,0.0,0.0,1.0,0.0
7110838672,0.0,0.0,0.0,1.0,0.0
7110847952,0.0,0.0,0.0,1.0,0.0
7110875492,0.0,0.0,0.0,1.0,0.0
7110913712,0.0,0.0,0.0,1.0,0.0
7110976723,0.0,0.0,0.0,1.0,0.0
7120015353,1.0,0.0,0.0,0.0,0.0
7120048942,0.0,0.0,0.0,0.0,1.0
7120050282,0.0,0.0,0.0,0.0,1.0
7120051882,1.0,0.0,0.0,0.0,0.0
7120060652,0.0,0.0,0.0,0.0,1.0
7120070112,1.0,0.0,0.0,0.0,0.0
7120232953,0.0,0.0,0.0,0.0,1.0
7120254662,0.0,0.0,1.0,0.0,0.0
7120266372,0.0,0.0,0.0,0.0,1.0
7120317252,0.0,0.0,0.0,0.0,1.0
7120384762,1.0,0.0,0.0,0.0,0.0
7120386462,1.0,0.0,0.0,0.0,0.0
7120404892,0.0,0.0,0.0,0.0,1.0
7120435792,0.0,0.0,0.0,0.0,1.0
7120568642,1.0,0.0,0.0,0.0,0.0
7120571512,0.0,0.0,0.0,1.0,0.0
7120571722,0.0,0.0,0.0,1.0,0.0
7120573252,0.0,0.0,0.0,1.0,0.0
7120575032,0.0,0.0,0.0,1.0,0.0
7120576613,0.0,0.0,0.0,1.0,0.0
7120582312,0.0,0.0,0.0,1.0,0.0
7120586333,0.0,0.0,0.0,1.0,0.0
7120591693,0.0,0.0,0.0,1.0,0.0
7120591813,0.0,0.0,0.0,1.0,0.0
7120605802,0.0,0.0,0.0,1.0,0.0
7120795672,0.0,0.0,0.0,1.0,0.0
7120811162,0.0,0.0,0.0,0.0,1.0
7120825632,0.0,0.0,0.0,0.0,1.0
7120835772,0.0,0.0,0.0,1.0,0.0
7120837533,0.0,0.0,0.0,1.0,0.0
7120838102,0.0,0.0,0.0,1.0,0.0
7120849353,0.0,0.0,0.0,1.0,0.0
7120849393,0.0,0.0,0.0,1.0,0.0
7120849402,0.0,0.0,0.0,1.0,0.0
7120856153,0.0,0.0,0.0,1.0,0.0
7120879602,0.0,0.0,0.0,1.0,0.0
7120893912,0.0,0.0,0.0,1.0,0.0
7120897032,0.0,0.0,0.0,1.0,0.0
7120897892,0.0,0.0,0.0,1.0,0.0
7120913512,0.0,0.0,0.0,1.0,0.0
7120914872,0.0,0.0,0.0,1.0,0.0
7120921772,0.0,0.0,0.0,0.0,1.0
7120931472,0.0,0.0,0.0,0.0,1.0
7120958972,1.0,0.0,0.0,0.0,0.0
7120975672,0.0,0.0,0.0,0.0,1.0
7120978972,1.0,0.0,0.0,0.0,0.0
7120989422,0.0,0.0,0.0,1.0,0.0
7120989652,0.0,0.0,0.0,1.0,0.0
7120999882,0.0,0.0,0.0,1.0,0.0
7121005652,0.0,0.0,0.0,1.0,0.0
7121019842,0.0,0.0,0.0,0.0,1.0
7121029682,0.0,0.0,0.0,0.0,1.0
7121032712,0.0,0.0,0.0,1.0,0.0
7121038482,0.0,0.0,0.0,1.0,0.0
7121038563,0.0,0.0,0.0,1.0,0.0
7121077822,0.0,0.0,0.0,1.0,0.0
7121077882,0.0,0.0,0.0,1.0,0.0
7121080242,0.0,0.0,0.0,1.0,0.0
7121080262,0.0,0.0,0.0,1.0,0.0
7121080342,0.0,0.0,0.0,1.0,0.0
7121101983,0.0,0.0,0.0,1.0,0.0
7121106912,0.0,0.0,0.0,1.0,0.0
7121118532,0.0,0.0,0.0,1.0,0.0
7121119182,0.0,0.0,0.0,1.0,0.0
7121119272,0.0,0.0,0.0,1.0,0.0
7121119382,0.0,0.0,0.0,1.0,0.0
7121119412,0.0,0.0,0.0,1.0,0.0
7121120172,0.0,0.0,0.0,1.0,0.0
7121120202,0.0,0.0,0.0,1.0,0.0
7121120312,0.0,0.0,0.0,1.0,0.0
7121127592,0.0,0.0,0.0,1.0,0.0
7121130282,0.0,0.0,0.0,1.0,0.0
7121133972,0.0,0.0,0.0,1.0,0.0
7121134092,0.0,0.0,0.0,1.0,0.0
7121134183,0.0,0.0,0.0,1.0,0.0
7121143892,0.0,0.0,0.0,1.0,0.0
7121146512,0.0,0.0,0.0,1.0,0.0
7121148702,0.0,0.0,0.0,1.0,0.0
7121156042,0.0,0.0,0.0,1.0,0.0
7121156472,0.0,0.0,0.0,1.0,0.0
7121156542,0.0,0.0,0.0,1.0,0.0
7121156692,0.0,0.0,0.0,1.0,0.0
7121161732,0.0,0.0,0.0,1.0,0.0
7121168842,0.0,0.0,0.0,1.0,0.0
7121168993,0.0,0.0,0.0,1.0,0.0
7121213963,0.0,0.0,0.0,1.0,0.0
7121228262,0.0,0.0,0.0,1.0,0.0
7121230132,0.0,0.0,0.0,1.0,0.0
7121230672,0.0,0.0,0.0,1.0,0.0
7121231202,0.0,0.0,0.0,1.0,0.0
7121239802,0.0,0.0,0.0,1.0,0.0
7121240382,0.0,0.0,0.0,1.0,0.0
7121241912,0.0,0.0,0.0,1.0,0.0
7121254092,0.0,0.0,0.0,1.0,0.0
7121271572,0.0,0.0,0.0,1.0,0.0
7121290022,0.0,0.0,0.0,1.0,0.0
7130011282,0.0,0.0,0.0,1.0,0.0
7130011292,0.0,0.0,0.0,1.0,0.0
7130016362,0.0,0.0,0.0,0.0,1.0
7130016372,0.0,0.0,0.0,0.0,1.0
7130057092,0.0,0.0,0.0,1.0,0.0
7130057213,0.0,0.0,0.0,1.0,0.0
7130064072,0.0,0.0,0.0,1.0,0.0
7130067842,0.0,0.0,0.0,1.0,0.0
7130067902,0.0,0.0,0.0,1.0,0.0
7130087022,0.0,0.0,0.0,1.0,0.0
7130093382,0.0,1.0,0.0,0.0,0.0
7130096352,0.0,0.0,0.0,1.0,0.0
7130107312,0.0,0.0,0.0,1.0,0.0
7130107333,0.0,0.0,0.0,1.0,0.0
7130115142,0.0,0.0,0.0,1.0,0.0
7130118552,0.0,0.0,0.0,1.0,0.0
7130130192,0.0,0.5,0.0,0.5,0.0
7130149352,0.0,0.0,0.0,1.0,0.0
7130149362,0.0,0.0,0.0,1.0,0.0
7130149392,0.0,0.0,0.0,1.0,0.0
7130149452,0.0,0.0,0.0,1.0,0.0
7130168502,0.0,0.0,0.0,1.0,0.0
7130181833,0.0,0.0,0.0,1.0,0.0
7130207772,0.0,0.0,0.0,1.0,0.0
7130211012,0.0,0.0,0.0,1.0,0.0
7130211022,0.0,0.0,0.0,1.0,0.0
7130241092,0.0,0.0,0.0,1.0,0.0
7130241832,0.0,0.0,0.0,1.0,0.0
7130255673,0.0,0.0,0.0,1.0,0.0
7130255812,0.0,0.0,0.0,1.0,0.0
7130255822,0.0,0.0,0.0,1.0,0.0
7130255923,0.0,0.0,0.0,1.0,0.0
7130255943,0.0,0.0,0.0,1.0,0.0
7130255953,0.0,0.0,0.0,1.0,0.0
7130255963,0.0,0.0,0.0,1.0,0.0
7130276572,0.0,0.0,0.0,1.0,0.0
7130276882,0.0,0.0,0.0,1.0,0.0
7130284073,0.0,0.0,0.0,1.0,0.0
7130287692,0.0,0.0,0.0,1.0,0.0
7130295482,0.0,0.0,0.0,1.0,0.0
7130295983,0.0,0.0,0.0,1.0,0.0
7130295992,0.0,0.0,0.0,1.0,0.0
7130312552,0.0,0.0,0.0,1.0,0.0
7130312873,0.0,0.0,0.0,1.0,0.0
7130314822,0.0,0.0,0.0,1.0,0.0
7130323702,0.0,0.0,0.0,1.0,0.0
7130336182,0.0,0.0,0.0,1.0,0.0
7130352882,0.0,0.0,0.0,1.0,0.0
7130353152,0.0,0.0,0.0,1.0,0.0
7130360932,0.0,0.0,0.0,1.0,0.0
7130360943,0.0,0.0,0.0,1.0,0.0
7130360953,0.0,0.0,0.0,1.0,0.0
7130381323,0.0,0.0,0.0,1.0,0.0
7130420792,0.0,0.0,0.0,1.0,0.0
7130512542,0.0,0.0,0.0,1.0,0.0
7130512592,0.0,1.0,0.0,0.0,0.0
7130514672,0.0,0.0,0.0,1.0,0.0
7130521912,0.0,0.0,0.0,1.0,0.0
7130531952,0.0,0.0,0.0,1.0,0.0
7130536532,0.0,0.0,0.0,1.0,0.0
7130540062,0.0,0.0,0.0,1.0,0.0
7130562912,0.0,0.0,0.0,1.0,0.0
7130593323,0.0,0.0,0.0,1.0,0.0
7130601262,0.0,0.0,0.0,1.0,0.0
7130661903,0.0,0.0,0.0,1.0,0.0
7130661923,0.0,0.0,0.0,1.0,0.0
7130665183,0.0,0.0,0.0,1.0,0.0
7130708772,0.0,0.0,0.0,1.0,0.0
7130708782,0.0,0.0,0.0,1.0,0.0
7130722693,0.0,0.0,0.0,1.0,0.0
7130739502,0.0,0.0,0.0,1.0,0.0
7130751362,0.0,0.0,0.0,1.0,0.0
7130756342,0.0,0.0,0.0,1.0,0.0
7130756353,0.0,0.0,0.0,1.0,0.0
7130764252,0.0,0.0,0.0,1.0,0.0
7130801893,0.0,0.0,0.0,1.0,0.0
7130813613,0.0,0.0,0.0,1.0,0.0
7130827842,0.0,0.0,0.0,1.0,0.0
7130852073,0.0,0.0,0.0,1.0,0.0
7130852202,0.0,0.0,0.0,1.0,0.0
7130853502,0.0,0.0,0.0,1.0,0.0
7130936742,0.0,0.0,0.0,1.0,0.0
7130958802,0.0,0.0,0.0,1.0,0.0
7130963472,0.0,0.0,0.0,1.0,0.0
7130968852,0.0,0.0,0.0,1.0,0.0
7131071872,0.0,0.0,0.0,1.0,0.0
7131108752,0.0,0.0,0.0,1.0,0.0
7131196472,0.0,0.0,0.0,1.0,0.0
7131245022,0.0,0.0,0.0,1.0,0.0
7210038073,0.0,0.0,0.0,1.0,0.0
7210070412,0.0,0.0,0.0,1.0,0.0
7210074353,0.0,0.0,0.0,1.0,0.0
7210074393,0.0,0.0,0.0,1.0,0.0
7210102203,0.0,0.0,0.0,1.0,0.0
7210104292,0.0,0.0,0.0,1.0,0.0
7210105763,0.0,0.0,0.0,1.0,0.0
7210106062,0.0,0.0,0.0,1.0,0.0
7210108103,0.0,0.0,0.0,1.0,0.0
7210108202,0.0,0.0,0.0,1.0,0.0
7210108213,0.0,1.0,0.0,0.0,0.0
7210108312,0.0,0.0,0.0,1.0,0.0
7210125972,0.0,0.0,0.0,1.0,0.0
7210126522,0.0,0.0,0.0,1.0,0.0
7210126962,0.0,0.0,0.0,1.0,0.0
7210141302,0.0,0.0,0.0,1.0,0.0
7210147992,0.0,0.0,0.0,1.0,0.0
7210149162,0.0,0.0,0.0,1.0,0.0
7210156312,0.0,0.0,0.0,1.0,0.0
7210156512,0.0,0.0,0.0,1.0,0.0
7210161452,0.0,0.0,0.0,1.0,0.0
7210161882,0.0,0.0,0.0,1.0,0.0
7210175572,0.0,0.0,0.0,1.0,0.0
7210199183,0.0,0.0,0.0,1.0,0.0
7210219262,0.0,0.0,0.0,1.0,0.0
7210232583,0.0,0.0,0.0,1.0,0.0
7210232813,0.0,0.0,0.0,1.0,0.0
7210257142,0.0,0.0,0.0,1.0,0.0
7210266822,0.0,0.0,0.0,1.0,0.0
7210278252,0.0,0.0,0.0,1.0,0.0
7210284402,0.0,0.0,0.0,1.0,0.0
7210304452,0.0,0.0,0.0,1.0,0.0
7210319932,0.0,0.0,0.0,1.0,0.0
7210354462,0.0,0.0,0.0,1.0,0.0
7210354492,0.0,0.25,0.0,0.75,0.0
7210424433,0.0,0.0,0.0,1.0,0.0
7210446412,0.0,0.0,0.0,1.0,0.0
7210474252,0.0,0.0,0.0,1.0,0.0
7210575032,0.0,0.0,0.0,1.0,0.0
7210619603,0.0,0.0,0.0,1.0,0.0
7210619632,0.0,0.0,0.0,1.0,0.0
7210634453,0.0,0.0,0.0,1.0,0.0
7210634952,0.0,0.0,0.0,1.0,0.0
7210645402,0.0,0.0,0.0,1.0,0.0
7210652092,0.0,0.0,0.0,1.0,0.0
7210673472,0.0,0.0,0.0,1.0,0.0
7210693622,0.0,0.0,0.0,1.0,0.0
7210695572,0.0,0.0,0.0,1.0,0.0
7210697722,0.0,0.0,0.0,1.0,0.0
7210732692,0.0,0.0,0.0,1.0,0.0
7210774582,0.0,0.0,0.0,1.0,0.0
7210796073,0.0,0.0,0.0,1.0,0.0
7210839332,0.0,0.0,0.0,1.0,0.0
7210897812,0.0,0.0,0.0,1.0,0.0
7211027992,0.0,1.0,0.0,0.0,0.0
7211081933,0.0,0.0,0.0,1.0,0.0
7211106902,0.0,0.0,0.0,1.0,0.0
7211127752,0.0,0.5,0.0,0.5,0.0
7211142922,0.0,0.0,0.0,1.0,0.0
7211143212,0.0,0.0,0.0,1.0,0.0
7211167572,0.0,0.0,0.0,1.0,0.0
7211167582,0.0,0.0,0.0,1.0,0.0
7211167592,0.0,0.0,0.0,1.0,0.0
7211176383,0.0,0.0,0.0,1.0,0.0
7211307162,1.0,0.0,0.0,0.0,0.0
7211307452,0.0,0.0,0.0,0.0,1.0
7211311382,0.0,0.0,0.0,0.0,1.0
7211387022,1.0,0.0,0.0,0.0,0.0
7211392412,0.0,0.0,0.0,0.0,1.0
7211401652,0.0,0.0,0.0,0.0,1.0
7211424272,0.0,0.0,0.0,0.0,1.0
7211424492,0.0,0.0,0.0,0.0,1.0
7211424502,0.0,0.0,0.0,0.0,1.0
7211484262,0.0,0.0,0.0,0.0,1.0
7211498452,0.0,0.0,0.0,1.0,0.0
7211498472,0.0,0.0,0.0,1.0,0.0
7211535422,0.0,0.0,0.0,0.0,1.0
7211550202,0.0,0.0,0.0,0.0,1.0
7211550232,1.0,0.0,0.0,0.0,0.0
7211550242,0.0,0.0,0.0,0.0,1.0
7211598382,0.0,0.0,0.0,0.0,1.0
7211622822,0.0,0.0,0.0,0.0,1.0
7211639342,0.0,0.0,0.0,1.0,0.0
7211658992,0.0,0.0,0.0,1.0,0.0
7211661392,0.0,0.0,0.0,0.0,1.0
7211735082,0.0,0.0,0.0,1.0,0.0
7211752292,0.0,0.0,0.0,0.0,1.0
7211782722,0.0,0.0,0.0,0.0,1.0
7211783172,0.0,0.0,0.0,0.0,1.0
7211783792,0.2,0.0,0.0,0.0,0.8
7211786932,1.0,0.0,0.0,0.0,0.0
7211855642,0.0,0.0,0.0,1.0,0.0
7211914392,0.0,0.0,0.0,1.0,0.0
7211926232,0.0,0.0,0.0,1.0,0.0
7211927532,0.0,0.0,0.0,1.0,0.0
7211945542,0.0,0.0,0.0,1.0,0.0
7211993772,0.0,0.0,0.0,1.0,0.0
7211994032,0.0,0.0,0.0,1.0,0.0
7211994272,0.0,0.0,0.0,1.0,0.0
7212022143,0.0,0.0,0.0,1.0,0.0
7212041302,0.0,0.0,0.0,1.0,0.0
7212049872,0.0,0.0,0.0,1.0,0.0
7212089432,0.0,0.0,0.0,1.0,0.0
7212198592,0.0,0.0,0.0,1.0,0.0
7212260482,0.0,0.0,0.0,1.0,0.0
7212297122,0.0,0.0,0.0,1.0,0.0
7212360902,0.0,0.0,0.0,1.0,0.0
7212368262,0.0,0.0,0.0,1.0,0.0
7212394613,0.0,0.0,0.0,1.0,0.0
7212420223,0.0,0.0,0.0,1.0,0.0
7212420243,0.0,0.0,0.0,1.0,0.0
7212420262,0.0,0.0,0.0,1.0,0.0
7212480462,0.0,0.0,0.0,1.0,0.0
7212505692,0.0,0.0,0.0,1.0,0.0
7212537132,0.0,0.0,0.0,1.0,0.0
7212540873,0.0,0.0,0.0,1.0,0.0
7212540962,0.0,0.0,0.0,1.0,0.0
7212541062,0.0,0.0,0.0,1.0,0.0
7212572282,0.0,0.0,0.0,1.0,0.0
7212573722,0.0,0.0,0.0,1.0,0.0
7212605182,0.0,0.0,0.0,1.0,0.0
7212614622,0.0,0.0,0.0,1.0,0.0
7212628362,0.0,0.0,0.0,1.0,0.0
7212659872,0.0,0.0,0.0,1.0,0.0
7212664592,0.0,0.0,0.0,1.0,0.0
7212691782,0.0,0.0,0.0,1.0,0.0
7220021212,0.0,0.0,0.0,0.0,1.0
7220024252,0.0,0.0,0.0,0.0,1.0
7220036752,0.0,0.0,0.0,0.0,1.0
7220052722,0.0,0.0,0.0,0.0,1.0
7220168332,0.0,0.0,0.0,0.0,1.0
7220275893,0.0,0.0,0.0,1.0,0.0
7220275923,0.5,0.0,0.0,0.0,0.5
7220298922,1.0,0.0,0.0,0.0,0.0
7220307882,0.0,0.0,0.0,1.0,0.0
7220328623,0.0,0.0,0.0,1.0,0.0
7220350122,0.0,0.0,0.0,1.0,0.0
7220384992,0.0,0.0,0.0,1.0,0.0
7220429612,0.0,0.0,0.0,1.0,0.0
7220429862,0.0,0.0,0.0,1.0,0.0
7220476712,0.0,0.0,0.0,1.0,0.0
7220499683,0.0,0.0,0.0,1.0,0.0
7220556582,0.0,0.0,0.0,1.0,0.0
7220575662,0.0,0.0,0.0,1.0,0.0
7220575762,0.0,0.0,0.0,0.5,0.5
7220588542,0.0,0.0,0.0,1.0,0.0
7220681402,0.0,0.0,0.0,1.0,0.0
7220788062,0.0,0.0,0.0,1.0,0.0
7220835702,0.0,0.0,0.0,1.0,0.0
7220898192,0.0,0.0,0.0,1.0,0.0
7220898212,0.0,0.0,0.0,1.0,0.0
7220959132,0.0,0.0,0.0,1.0,0.0
7221022263,0.0,0.0,0.0,1.0,0.0
7221043983,0.0,0.0,0.0,1.0,0.0
7221044092,0.0,0.0,0.0,1.0,0.0
7221064782,0.0,0.0,0.0,1.0,0.0
7221065322,0.0,0.0,0.0,1.0,0.0
7221065603,0.0,0.0,0.0,1.0,0.0
7221119782,0.0,0.0,0.0,1.0,0.0
7221164432,0.0,0.0,0.0,1.0,0.0
7221260153,0.0,0.0,0.0,1.0,0.0
7221361382,0.5,0.0,0.0,0.5,0.0
7221388032,0.0,0.0,0.0,1.0,0.0
7221475442,0.0,0.0,0.0,1.0,0.0
7221549222,1.0,0.0,0.0,0.0,0.0
7221559382,0.14285715,0.0,0.0,0.0,0.85714287
7221560533,1.0,0.0,0.0,0.0,0.0
7221590452,0.0,0.0,0.0,0.0,1.0
7221590652,0.5,0.0,0.0,0.0,0.5
7221650252,0.0,0.0,0.0,0.0,1.0
7221675862,0.0,0.0,0.0,0.0,1.0
7221676252,0.0,0.0,0.0,0.0,1.0
7221676332,1.0,0.0,0.0,0.0,0.0
7221677232,0.0,0.0,0.0,0.0,1.0
7221677262,0.0,0.0,0.0,0.0,1.0
7221677292,0.0,0.0,0.0,0.0,1.0
7221698222,0.0,0.0,0.0,0.0,1.0
7221698722,0.0,0.0,0.0,0.0,1.0
7221698892,0.0,0.0,0.0,0.0,1.0
7221740973,0.0,0.0,0.0,1.0,0.0
7221741063,0.0,0.0,0.0,1.0,0.0
7221793462,0.0,0.0,0.0,1.0,0.0
7221869093,0.0,0.0,0.0,1.0,0.0
7221945072,1.0,0.0,0.0,0.0,0.0
7221948882,1.0,0.0,0.0,0.0,0.0
7230050822,0.0,0.0,0.0,1.0,0.0
7230095452,0.0,0.0,0.0,1.0,0.0
7230097652,0.0,0.0,0.0,1.0,0.0
7230113872,0.0,0.0,0.0,1.0,0.0
7230151132,0.0,0.0,0.0,1.0,0.0
7230178672,0.0,0.0,0.0,1.0,0.0
7230178692,0.0,0.0,0.0,1.0,0.0
7230191582,0.0,0.0,0.0,1.0,0.0
7230193863,0.0,0.0,0.0,1.0,0.0
7230264332,1.0,0.0,0.0,0.0,0.0
7230264502,0.0,0.0,0.0,0.0,1.0
7230273252,1.0,0.0,0.0,0.0,0.0
7230278372,1.0,0.0,0.0,0.0,0.0
7230299212,1.0,0.0,0.0,0.0,0.0
7230375823,0.0,0.0,0.0,1.0,0.0
7230421062,0.0,0.0,0.0,1.0,0.0
7230474912,0.0,0.0,0.0,0.0,1.0
7230487942,0.0,0.0,0.0,0.0,1.0
7230490313,0.0,0.0,0.0,0.0,1.0
7230516632,0.0,0.0,1.0,0.0,0.0
7230541162,0.0,0.0,0.0,0.0,1.0
7230541832,0.0,0.0,0.0,0.0,1.0
7230665802,0.0,0.0,0.0,0.0,1.0
7230665822,1.0,0.0,0.0,0.0,0.0
7230686692,0.0,0.0,0.0,0.0,1.0
7230751152,0.0,0.0,0.0,0.0,1.0
7230806133,0.0,0.0,0.0,1.0,0.0
7230906732,0.0,0.0,0.0,1.0,0.0
7230921642,0.0,0.0,0.0,1.0,0.0
7230979682,0.0,0.0,0.0,1.0,0.0
7231027032,0.0,0.0,0.0,1.0,0.0
7231029922,0.0,0.0,0.0,1.0,0.0
7231077323,0.0,0.0,0.0,1.0,0.0
7231228972,0.0,0.0,0.0,1.0,0.0
7231268983,0.0,0.0,0.0,1.0,0.0
7231288412,0.0,0.0,0.0,1.0,0.0
7231300392,0.0,0.0,0.0,1.0,0.0
7231325232,0.0,0.0,0.0,1.0,0.0
7231330662,0.0,0.0,0.0,1.0,0.0
7231339882,0.0,0.0,0.0,1.0,0.0
7231424912,0.0,0.0,0.0,1.0,0.0
7231583102,0.0,0.0,0.0,1.0,0.0
7231616303,0.0,0.0,0.0,1.0,0.0
7231640462,0.0,0.0,0.0,1.0,0.0
7231774183,0.0,0.0,0.0,1.0,0.0
7231776882,0.0,0.0,0.0,1.0,0.0
7240054132,0.0,0.0,0.0,1.0,0.0
7240066743,0.0,0.0,0.0,1.0,0.0
7240079343,0.0,0.0,0.0,1.0,0.0
7240178212,0.0,0.0,0.0,0.33333334,0.6666667
7240184593,0.0,0.0,0.0,0.0,1.0
7240248092,0.0,0.0,0.0,0.0,1.0
7240341523,0.0,0.0,0.0,1.0,0.0
7240384742,0.0,0.0,0.0,0.0,1.0
7240403763,1.0,0.0,0.0,0.0,0.0
7240454942,0.0,0.0,0.0,0.0,1.0
7240476822,0.0,0.0,0.0,0.0,1.0
7240482153,0.0,0.0,0.0,0.0,1.0
7240522373,0.0,0.0,0.0,1.0,0.0
7240617123,0.0,0.0,0.0,1.0,0.0
7240720022,0.0,0.0,0.0,0.0,1.0
7240723742,0.0,0.0,0.0,0.0,1.0
7250022962,0.0,0.0,0.0,0.0,1.0
7250044452,0.0,0.0,0.0,1.0,0.0
7250051452,0.0,0.0,0.0,1.0,0.0
7250051493,0.0,0.0,0.0,1.0,0.0
7250070242,0.0,0.0,0.0,1.0,0.0
7250074832,0.0,0.0,0.0,1.0,0.0
7250080512,0.0,0.0,0.0,1.0,0.0
7250092313,0.0,0.0,0.0,1.0,0.0
7250093653,0.0,0.0,0.0,1.0,0.0
7250113932,0.0,0.0,0.0,1.0000001,0.0
7250129282,0.0,0.0,0.0,1.0,0.0
7250140783,0.0,0.0,0.0,1.0,0.0
7250145702,0.0,0.0,0.0,1.0,0.0
7250145713,0.0,0.0,0.0,1.0000001,0.0
7250152912,0.0,0.0,0.0,1.0,0.0
7250161903,0.0,0.0,0.0,1.0,0.0
7250166233,0.0,0.0,0.0,0.0,1.0
7250166472,0.0,0.0,0.0,1.0,0.0
7250202733,0.0,0.0,0.0,1.0,0.0
7250213232,0.0,0.0,0.0,1.0,0.0
7250215982,0.0,0.0,0.0,1.0,0.0
7250240013,0.0,0.0,0.0,0.0,1.0
7250265792,0.0,0.0,0.0,1.0,0.0
7250291882,0.0,0.0,0.0,0.0,1.0
7250292303,0.0,0.0,0.0,1.0,0.0
7250295992,0.0,0.0,0.0,1.0,0.0
7250344153,0.0,0.0,0.0,1.0,0.0
7250359323,0.0,1.0,0.0,0.0,0.0
7250374842,0.0,0.0,0.0,1.0,0.0
7250408192,0.0,0.0,0.0,0.5,0.5
7250421522,0.0,0.0,0.0,1.0,0.0
7250487902,0.0,0.0,0.0,0.0,1.0
7250501702,0.0,0.0,0.0,1.0,0.0
7250502652,0.0,0.0,0.0,1.0,0.0
7250511592,0.0,0.0,0.0,1.0,0.0
7250511622,0.0,0.0,0.0,1.0,0.0
7250519012,0.0,0.0,0.0,1.0,0.0
7250520282,0.0,0.0,0.0,1.0,0.0
7250533142,0.0,0.0,0.0,1.0,0.0
7250538792,0.0,0.0,0.0,1.0,0.0
7250577032,0.0,0.0,0.0,1.0,0.0
7250599463,0.0,0.0,0.0,1.0,0.0
7250603373,0.0,0.0,0.0,1.0,0.0
7250625993,0.0,0.0,0.0,1.0,0.0
7250630763,0.0,0.0,0.0,1.0,0.0
7250632872,0.0,0.0,0.0,1.0,0.0
7250649493,0.0,0.0,0.0,1.0,0.0
7250664993,0.0,0.0,0.0,1.0,0.0
7250674793,0.0,0.0,0.0,1.0,0.0
7250693043,0.0,0.0,0.0,1.0,0.0
7250706382,0.0,0.0,0.0,1.0,0.0
7250723942,0.0,0.0,0.0,1.0,0.0
7250739033,0.0,0.0,0.0,1.0,0.0
7250739412,0.0,0.0,0.0,1.0,0.0
7250789022,0.0,0.0,0.0,1.0,0.0
7250789052,0.0,0.0,0.0,1.0,0.0
7250817663,0.0,0.0,0.0,1.0,0.0
7250831873,0.0,0.0,0.0,1.0,0.0
7250831893,0.0,0.0,0.0,1.0,0.0
7250849543,0.0,0.0,0.0,1.0,0.0
7250899932,0.0,0.0,0.0,1.0,0.0
7250922673,0.0,0.0,0.0,1.0,0.0
7250922682,0.0,0.0,0.0,0.0,1.0
7250966122,0.0,0.0,0.0,0.33333334,0.6666667
7251006483,0.0,0.0,0.0,1.0,0.0
7260004453,0.0,0.0,0.0,1.0,0.0
7260014983,0.0,0.0,0.0,1.0,0.0
7260036562,0.0,0.0,0.0,1.0,0.0
7260041812,0.0,0.0,0.0,1.0,0.0
7260057693,0.0,0.0,0.0,1.0,0.0
7260082142,0.0,0.0,0.0,1.0,0.0
7310026172,0.0,0.0,0.0,1.0,0.0
7310039593,0.0,0.0,0.0,1.0,0.0
7310086383,0.0,0.0,0.0,1.0,0.0
7310147802,0.0,0.0,0.0,1.0,0.0
7310159682,0.0,0.0,0.0,1.0,0.0
7310162063,0.0,0.0,0.0,1.0,0.0
7310162553,0.0,0.0,0.0,1.0,0.0
7310167553,0.0,0.0,0.0,1.0,0.0
7310167672,0.0,0.0,0.0,1.0,0.0
7310167733,0.0,0.0,0.0,1.0,0.0
7310167773,0.0,0.0,0.0,1.0,0.0
7310170842,0.0,0.0,0.0,1.0,0.0
7320002002,0.0,0.0,0.0,1.0,0.0
7320004222,0.0,0.0,0.0,1.0,0.0
7320005712,0.0,0.0,0.0,1.0,0.0
7320008812,0.0,0.0,0.0,1.0,0.0
7320057062,0.0,0.0,0.0,1.0,0.0
7320057962,0.0,0.0,0.0,1.0,0.0
7320068812,0.0,0.0,0.0,1.0,0.0
7320074382,0.0,0.0,0.0,1.0,0.0
7320198193,0.0,0.0,0.0,1.0,0.0
7320230502,0.0,0.0,0.0,1.0,0.0
7320235132,0.0,0.0,0.0,1.0,0.0
7320237462,0.0,0.0,0.0,1.0,0.0
7320248322,0.0,0.0,0.0,1.0,0.0
7320256073,0.0,0.0,0.0,1.0,0.0
7320308013,0.0,0.0,0.0,1.0,0.0
7320355243,0.0,0.0,0.0,1.0,0.0
7320364033,0.0,0.0,0.0,1.0,0.0
7320364362,0.0,0.0,0.0,1.0,0.0
7320406673,0.0,0.0,0.0,1.0,0.0
7320411343,0.0,0.0,0.0,1.0,0.0
7320411603,0.0,0.0,0.0,1.0,0.0
7320411613,0.0,0.0,0.0,1.0,0.0
7320434393,0.0,0.0,0.0,1.0,0.0
7410005852,0.0,0.0,0.0,1.0,0.0
7410033662,0.0,0.0,0.0,1.0,0.0
7410033682,0.0,0.0,0.0,1.0,0.0
7420016952,0.0,0.0,0.0,1.0,0.0
7420030132,0.0,0.0,0.0,1.0,0.0
7420072452,0.0,0.0,0.0,1.0,0.0
7420084452,0.0,0.0,1.0,0.0,0.0
7420087233,0.0,0.0,1.0,0.0,0.0
7420088223,0.0,0.0,1.0,0.0,0.0
7420109213,1.0,0.0,0.0,0.0,0.0
7420125292,1.0,0.0,0.0,0.0,0.0
7420142512,0.0,0.0,0.0,1.0,0.0
7420169793,0.0,0.0,0.0,1.0,0.0
7420180123,0.0,0.0,0.0,1.0,0.0
7420206383,0.0,0.0,0.0,1.0,0.0
7420208393,0.0,0.0,0.0,1.0,0.0
7420215063,0.0,0.0,0.0,1.0,0.0
7420215543,0.0,0.0,0.0,1.0,0.0
7420245843,0.0,0.0,0.0,1.0,0.0
7420275282,0.0,0.0,0.0,1.0,0.0
7420279093,0.0,0.0,0.0,1.0,0.0
7420279843,0.0,0.0,0.0,1.0,0.0
7420280462,0.0,0.0,0.0,1.0,0.0
7420280533,0.0,0.0,0.0,1.0,0.0
7420280573,0.0,0.0,0.0,1.0,0.0
7420310552,0.0,0.0,0.0,1.0,0.0
7420346453,0.0,0.0,0.0,1.0,0.0
7420349342,0.0,0.0,0.0,1.0,0.0
7420349683,0.0,0.0,0.0,1.0,0.0
7420349693,0.0,0.0,0.0,1.0,0.0
7420375373,1.0,0.0,0.0,0.0,0.0
7420389792,1.0,0.0,0.0,0.0,0.0
7420397582,0.5,0.0,0.0,0.0,0.5
7420417003,0.0,0.0,0.0,1.0,0.0
7420418293,0.0,0.0,0.0,0.0,1.0
7420422213,1.0,0.0,0.0,0.0,0.0
7420464153,0.0,0.0,0.0,1.0,0.0
7420464262,0.0,0.0,0.0,1.0,0.0
7420473223,0.0,0.0,0.0,1.0,0.0
7420481862,0.0,0.0,0.0,1.0,0.0
7420510983,0.0,0.0,0.0,1.0,0.0
7420528773,0.0,0.0,0.0,0.0,1.0
7420552803,0.0,0.0,0.0,0.0,1.0
7420552813,0.0,0.0,0.0,0.0,1.0
7420571772,0.0,0.0,0.0,0.0,1.0
7420584152,0.0,0.0,0.0,0.0,1.0
7420584462,0.0,0.0,0.0,0.0,1.0
7420665303,0.0,0.0,0.0,0.0,1.0
7420746062,0.0,0.0,0.0,0.0,1.0
7420749482,0.0,0.0,0.0,0.0,1.0
7420785002,0.0,0.0,0.0,0.0,1.0
7420788032,0.0,0.0,0.0,1.0,0.0
7420799662,0.0,0.0,0.0,1.0,0.0
7420814272,0.0,0.0,0.0,1.0,0.0
7420832032,0.0,0.0,0.0,1.0,0.0
7420847912,0.5,0.0,0.0,0.5,0.0
7420853612,0.0,0.0,0.0,1.0,0.0
7420861402,0.0,0.0,0.0,1.0,0.0
7420865112,0.0,0.0,0.0,1.0,0.0
7420875052,0.0,0.0,0.0,1.0,0.0
7420903892,1.0,0.0,0.0,0.0,0.0
7420915053,0.0,0.0,0.0,1.0,0.0
7420919953,0.0,0.0,0.0,1.0,0.0
7420920013,0.0,0.0,0.0,1.0,0.0
7420937663,0.0,0.0,0.0,1.0,0.0
7420954923,0.0,0.0,0.0,1.0,0.0
7420954953,0.0,0.0,0.0,1.0,0.0
7420954993,0.0,0.0,0.0,1.0,0.0
7420955243,0.0,0.0,0.0,1.0,0.0
7420956062,0.0,0.0,0.0,1.0,0.0
7420960343,0.0,0.0,0.0,1.0,0.0
7421012892,0.0,0.0,0.0,1.0,0.0
7421014302,0.0,0.0,0.0,1.0,0.0
7421019142,0.0,0.0,0.0,1.0,0.0
7421019173,0.0,0.0,0.0,1.0,0.0
7421019192,0.0,0.0,0.0,1.0,0.0
7421026192,0.0,0.0,0.0,0.0,1.0
7421027813,0.0,0.0,0.0,1.0,0.0
7421028863,0.0,0.0,0.0,1.0,0.0
7421028932,1.0,0.0,0.0,0.0,0.0
7421028943,0.0,0.0,0.0,0.0,1.0
7421045662,0.0,0.0,0.0,1.0,0.0
7421062532,0.0,0.0,0.0,1.0,0.0
7421064932,0.0,0.0,0.0,1.0,0.0
7421069983,0.0,0.0,0.0,1.0,0.0
7421082642,0.0,0.0,0.0,1.0,0.0
7430014452,0.0,0.0,0.0,1.0,0.0
7430058292,0.0,0.0,0.0,1.0,0.0
7430059382,0.0,0.0,0.0,1.0,0.0
7430059392,0.0,0.0,0.0,1.0,0.0
7510028162,0.0,0.0,0.0,1.0,0.0
7510072043,0.0,0.0,0.0,1.0,0.0
7510072543,0.0,0.0,0.0,1.0,0.0
7510082223,0.0,0.0,0.0,1.0,0.0
7510091922,0.0,0.0,0.0,1.0,0.0
7510104502,0.0,0.0,0.0,1.0,0.0
7510104542,0.0,0.0,0.0,1.0,0.0
7510154252,0.0,0.0,0.0,1.0,0.0
7510154643,0.0,0.0,0.0,1.0,0.0
7520006833,0.0,0.0,0.0,0.0,1.0
7520007052,0.0,0.0,1.0,0.0,0.0
7520011112,0.0,0.0,0.0,1.0,0.0
7530002673,0.0,0.0,0.0,0.0,1.0
7530012622,0.0,0.0,0.0,1.0,0.0
7530015372,0.0,0.0,0.0,1.0,0.0
7530016382,0.0,0.0,0.0,1.0,0.0
7530025983,0.0,0.0,0.0,1.0,0.0
7530030613,0.0,0.0,0.0,1.0,0.0
7530065582,0.0,0.0,0.0,1.0,0.0
7530065722,0.0,0.0,0.0,1.0,0.0
7530089242,0.0,0.0,0.0,1.0,0.0
7530089892,0.0,0.0,0.0,1.0,0.0
7530089902,0.0,0.0,0.0,0.0,1.0
7530093763,0.0,0.0,0.0,1.0,0.0
7530095823,0.0,0.0,0.0,1.0,0.0
7530096073,0.0,0.0,0.0,1.0,0.0
7530096122,0.0,0.0,0.0,1.0,0.0
7530096673,0.0,0.0,0.0,1.0,0.0
7530096692,0.0,0.0,0.0,1.0,0.0
7530096743,0.0,0.0,0.0,1.0,0.0
7530097282,0.0,0.0,0.0,1.0,0.0
7530105382,0.0,0.0,0.0,1.0,0.0
7530106782,0.0,0.0,0.0,1.0,0.0
7620026792,0.0,0.0,0.0,1.0,0.0
7620035292,0.0,0.0,0.0,1.0,0.0
7640002812,0.0,0.0,0.0,1.0,0.0
7710021313,0.0,0.0,0.0,1.0,0.0
7710026853,0.0,0.0,0.0,1.0,0.0
7710032962,0.0,0.0,0.5,0.0,0.5
7710033232,0.0,0.0,0.0,1.0,0.0
7710033392,0.0,0.0,0.0,1.0,0.0
7710038952,0.0,0.0,0.0,1.0,0.0
7710043742,0.0,0.0,0.0,1.0,0.0
7710048922,0.0,0.0,1.0,0.0,0.0
7710054352,0.0,0.0,0.0,1.0,0.0
7710056183,0.0,0.0,0.0,0.0,1.0
7710076623,0.0,0.0,0.0,1.0,0.0
7720002402,0.0,0.0,0.0,1.0,0.0
7720003433,0.0,0.0,0.0,1.0,0.0
7720003573,0.0,0.0,0.0,1.0,0.0
7720009733,0.0,0.0,0.0,0.0,1.0
7720013333,0.6666667,0.0,0.0,0.0,0.33333334
7720018822,0.0,0.0,0.0,0.0,1.0
7720023433,0.0,0.0,3e-45,0.0,1.0
7720025003,0.0,0.0,0.0,0.0,1.0
7720027322,0.0,0.0,0.0,0.0,1.0
7730002562,0.0,0.0,0.0,0.0,1.0
7730003032,0.0,0.0,1.0,0.0,0.0
7730010462,0.0,0.0,0.0,0.0,1.0
7730010572,0.0,0.0,0.0,0.0,1.0
7730010742,0.0,0.0,0.0,0.0,1.0
7730013722,0.0,0.0,0.0,0.0,1.0
7730013782,0.0,0.0,0.0,0.0,1.0
7730013832,0.5,0.0,0.0,0.0,0.5
7730014512,0.0,0.0,0.0,0.0,1.0
7730015342,0.0,0.0,0.0,0.0,1.0
7740012182,0.0,0.0,0.0,1.0,0.0
7740049052,0.0,0.0,0.5,0.0,0.5
7820003162,0.0,0.0,1.0,0.0,0.0
7820003262,0.0,0.0,1.0,0.0,2.1327316e-24
7820016193,0.0,0.0,0.0,0.0,1.0
7820018572,0.0,0.0,1.0,0.0,0.0
7820024162,0.0,0.0,0.0,0.0,1.0
7820031253,0.0,0.0,0.0,1.0,0.0
7820031263,0.0,0.0,0.0,1.0,0.0
7820031273,0.0,0.0,0.0,1.0,0.0
7820033922,0.0,0.0,0.0,1.0,0.0
7820034213,0.0,0.0,0.0,1.0,0.0
7820047173,0.0,0.0,0.0,0.0,1.0
7820052753,0.0,0.0,0.0,1.0,0.0
7820057683,0.0,0.0,0.0,0.0,1.0
7820061863,0.0,0.0,0.0,0.0,1.0
7820064483,1.0,0.0,0.0,0.0,0.0
7820066603,0.0,0.0,0.0,0.0,1.0
7820066613,1.0,0.0,0.0,0.0,0.0
7820071213,0.0,0.0,0.0,0.0,1.0
7830011152,0.0,0.0,0.0,1.0,0.0
7830012852,0.0,0.0,0.0,1.0,0.0
7830015032,0.0,0.0,0.0,1.0,0.0
7830026522,0.0,0.0,0.0,1.0,0.0
7830026642,0.0,0.0,0.0,1.0,0.0
7830085252,0.0,0.0,0.0,1.0,0.0
7830094372,0.0,0.0,0.0,1.0,0.0
7830103662,0.0,0.0,0.0,0.0,1.0
7830104683,0.0,0.0,0.0,0.0,1.0
7830149333,0.0,0.0,0.0,1.0,0.0
7830150212,0.0,0.0,0.0,0.0,1.0
7830150222,0.0,0.0,0.0,0.0,1.0
7830151942,0.0,0.0,0.0,0.0,1.0
7830156602,1.0,0.0,0.0,0.0,0.0
7830169252,0.0,0.0,0.0,0.0,1.0
7830169633,0.0,0.0,0.0,0.0,1.0
7830169653,1.0,0.0,0.0,0.0,0.0
7830169863,1.0,0.0,0.0,0.0,0.0
7830169882,0.0,0.0,0.0,0.0,1.0
7830169942,0.25,0.0,0.25,0.0,0.5
7830175063,0.0,0.0,0.0,0.0,1.0
7830187142,0.0,0.0,0.0,1.0,0.0
7830240462,0.0,0.0,0.0,0.0,1.0
7830263433,0.0,0.0,0.0,1.0,0.0
7830263943,0.0,0.0,0.0,1.0,0.0
7830274982,1.0,0.0,0.0,0.0,0.0
8120072802,0.0,0.0,0.0,1.0,0.0
8120072882,0.0,0.0,0.0,1.0,0.0
8120141372,0.0,0.0,0.0,1.0,0.0
8120157753,0.0,0.0,0.0,1.0,0.0
8120221792,0.0,0.0,0.0,1.0,0.0
8120251562,0.0,0.0,0.0,1.0,0.0
8120265042,0.0,0.0,0.0,1.0,0.0
8120271112,0.0,0.0,0.0,1.0,0.0
8120276122,0.0,0.0,0.0,1.0,0.0
8120456042,0.0,0.0,0.0,1.0,0.0
8120495402,0.0,0.0,0.0,1.0,0.0
8120511402,0.0,0.0,0.0,1.0,0.0
8120512272,0.0,0.0,0.0,1.0,0.0
8120542992,0.0,0.0,0.0,1.0,0.0
8120667403,0.0,0.0,0.0,1.0,0.0
8120667413,0.0,0.0,0.0,1.0,0.0
8120667493,0.0,0.0,0.0,1.0,0.0
8120667523,0.0,0.0,0.0,1.0,0.0
8120691283,0.0,0.0,0.0,1.0,0.0
8120691293,0.0,0.0,0.0,1.0,0.0
8120691303,0.0,0.0,0.0,1.0,0.0
8120691373,0.0,0.0,0.0,1.0,0.0
8120699882,0.0,0.0,0.0,1.0,0.0
8120861962,0.0,0.0,0.0,1.0,0.0
8120877302,0.0,0.0,0.0,1.0,0.0
8120892183,0.0,0.0,0.0,1.0,0.0
8120929533,0.0,0.0,0.0,1.0,0.0
8120931843,0.0,0.0,0.0,1.0,0.0
8120989333,0.0,0.0,0.0,1.0,0.0
8121011373,0.0,0.0,0.0,1.0,0.0
8121042463,0.0,0.0,0.0,1.0,0.0
8121047682,0.0,0.0,0.0,1.0,0.0
8121080103,1.0,0.0,0.0,0.0,0.0
8121248832,1.0,0.0,0.0,0.0,0.0
8121277932,0.0,0.0,0.0,1.0,0.0
8121341492,0.0,0.0,0.0,1.0,0.0
8121352603,0.0,0.0,0.0,0.0,1.0
8121352622,0.0,0.0,0.0,1.0,0.0
8121361142,0.0,0.0,0.0,1.0,0.0
8121380023,0.0,0.0,0.0,0.0,1.0
8121432872,0.0,0.0,1.0,0.0,0.0
8121522272,0.5,0.0,0.5,0.0,0.0
8121566202,0.0,0.0,0.0,0.0,1.0
8121577392,0.0,0.0,0.0,1.0,0.0
8121603332,0.0,0.0,0.0,1.0,0.0
8121625162,0.0,0.0,0.0,0.0,1.0
8121627103,0.5,0.0,0.0,0.0,0.5
8121627142,1.0,0.0,0.0,0.0,0.0
8121627153,0.0,0.0,0.0,0.0,1.0
8121627193,0.0,0.0,0.0,0.0,1.0
8130047542,0.0,0.0,0.0,1.0,0.0
8130055963,0.0,0.0,0.0,1.0,0.0
8130071482,0.0,0.0,0.0,1.0,0.0
8130181732,0.0,0.0,0.0,1.0,0.0
8130469812,0.0,0.0,0.0,1.0,0.0
8130471582,0.0,0.0,0.0,1.0,0.0
8130504782,0.0,0.0,0.0,1.0,0.0
8130509202,0.0,0.0,0.0,1.0,0.0
8130528522,0.0,0.0,0.0,1.0,0.0
8220029723,0.5,0.0,0.0,0.0,0.5
8220029783,0.0,0.0,0.0,0.0,1.0
8220037522,0.0,0.0,0.0,0.0,1.0
8220065702,0.0,0.0,0.0,0.0,1.0
8220078842,0.0,0.0,0.0,0.0,1.0
8220078952,0.0,0.0,0.0,0.0,1.0
8220098632,0.0,0.0,0.0,0.0,1.0
8220125022,0.0,0.0,0.0,0.0,1.0
8220392452,0.0,0.0,0.0,1.0,0.0
8220429462,0.0,0.0,0.0,1.0,0.0
8220429862,0.0,0.0,0.0,1.0,0.0
8220476332,0.0,0.0,0.0,1.0,0.0
8220491582,0.0,0.0,0.0,1.0,0.0
8220538282,0.0,0.0,0.0,1.0,0.0
8220622223,0.0,0.0,0.0,0.0,1.0
8220649722,0.0,0.0,0.0,0.0,1.0
8220670642,0.0,0.0,0.0,0.0,1.0
8220681172,1.0,0.0,0.0,0.0,0.0
8220719022,0.0,0.0,0.0,0.0,1.0
8220736573,0.0,0.0,0.0,1.0,0.0
8220746742,0.0,0.0,0.0,1.0,0.0
8220756123,0.0,0.0,0.0,1.0,0.0
8220756133,0.0,0.0,0.0,1.0,0.0
8220812383,0.0,0.0,0.0,1.0,0.0
8220822292,0.0,0.0,0.0,1.0,0.0
8220840363,0.0,0.0,0.0,1.0,0.0
8220868032,0.0,1.0,0.0,0.0,0.0
8220868532,0.0,0.0,0.0,1.0,0.0
8220868663,0.0,0.0,0.0,1.0,0.0
8220868712,0.0,0.0,0.0,1.0,0.0
8220882672,0.0,0.0,0.0,1.0,0.0
8220886102,1.0,0.0,0.0,0.0,0.0
8220929772,0.0,0.0,0.0,1.0,0.0
8220966072,0.0,0.0,0.0,1.0,0.0
8220993253,0.0,0.0,0.0,1.0,0.0
8221008743,0.0,0.0,0.0,1.0,0.0
8221130682,0.0,0.0,0.0,1.0,0.0
8221230132,0.0,0.0,0.0,1.0,0.0
8221242902,0.0,0.0,0.0,1.0,0.0
8221243142,0.0,0.0,0.0,1.0,0.0
8221267752,0.0,0.0,0.0,1.0,0.0
8221279072,0.0,0.0,0.0,1.0,0.0
8221299713,0.0,0.0,0.0,1.0,0.0
8221310122,0.0,0.0,0.0,1.0,0.0
8221316322,0.0,0.0,0.0,1.0,0.0
8221318453,0.0,0.0,0.0,1.0,0.0
8221318772,0.0,0.0,0.0,1.0,0.0
8221318793,0.0,0.0,0.0,1.0,0.0
8221327412,0.0,0.0,0.0,1.0,0.0
8221329742,0.0,0.0,0.0,1.0,0.0
8221336062,0.0,0.0,0.0,1.0,0.0
8221336912,0.0,0.0,0.0,1.0,0.0
8221338772,0.0,0.0,0.0,1.0,0.0
8221344732,0.0,0.0,0.0,1.0,0.0
8221388712,0.0,0.0,0.0,1.0,0.0
8221392892,0.0,0.0,0.0,1.0,0.0
8221418332,0.0,0.0,0.0,1.0,0.0
8221520472,0.0,0.0,0.0,1.0,0.0
8221520502,0.0,0.0,0.0,1.0,0.0
8221545852,0.0,0.0,0.0,1.0,0.0
8221558412,0.0,0.0,0.0,1.0,0.0
8221568932,0.0,0.0,0.0,1.0,0.0
8221586482,0.0,0.0,0.0,1.0,0.0
8221623922,0.0,0.0,0.0,1.0,0.0
8221645962,0.0,0.0,0.0,1.0,0.0
8221651322,0.0,0.0,0.0,1.0,0.0
8221664662,0.0,0.0,0.0,1.0,0.0
8221665252,0.0,0.0,0.0,1.0,0.0
8221721332,0.0,0.0,0.0,1.0,0.0
8221722972,0.0,0.0,0.0,1.0,0.0
8221731612,0.0,0.0,0.0,1.0,0.0
8221746922,0.0,0.0,0.0,1.0,0.0
8221747482,0.0,0.0,0.0,1.0,0.0
8221855442,0.0,0.0,0.0,0.0,1.0
8221911032,1.0,0.0,0.0,0.0,0.0
8221913882,0.0,0.0,0.0,0.0,1.0
8221929572,0.0,0.0,0.0,0.0,1.0
8221931152,0.0,0.0,0.0,0.0,1.0
8221931472,0.0,0.0,0.0,1.0,0.0
8221951062,0.0,0.0,0.0,0.0,1.0
8221956942,0.0,0.0,0.0,0.0,1.0
8221956953,0.0,0.0,0.0,1.0,0.0
8221991163,0.25,0.25,0.0,0.5,0.0
8221994082,0.0,0.0,0.0,0.0,1.0
8222001802,0.0,0.0,1.0,0.0,0.0
8222009372,0.0,0.0,0.0,0.0,1.0
8222015902,0.5,0.0,0.0,0.0,0.5
8222038442,0.0,0.0,0.0,1.0,0.0
8222039212,0.0,0.0,0.0,1.0,0.0
8222083562,1.0,0.0,0.0,0.0,0.0
8222103742,0.0,0.0,0.0,0.0,1.0
8222109792,0.0,0.0,0.0,0.0,1.0
8222141502,0.0,0.0,0.0,1.0,0.0
8222180532,1.0,0.0,0.0,0.0,0.0
8222231502,0.0,0.0,0.0,1.0,0.0
8222242852,0.0,0.0,0.0,1.0,0.0
8222296273,0.0,0.0,0.0,1.0,0.0
8222296793,0.0,0.0,0.0,1.0,0.0
8222322652,0.0,0.0,0.0,1.0,0.0
8222362882,0.0,0.0,0.0,1.0,0.0
8222363612,0.0,0.0,0.0,1.0,0.0
8222364272,0.0,0.0,0.0,1.0,0.0
8222387232,0.0,0.0,0.0,1.0,0.0
8222394022,0.0,0.0,0.0,1.0,0.0
8222403222,0.0,0.0,0.0,1.0,0.0
8222417332,0.0,0.09090909,0.0,0.909091,0.0
8222433572,0.0,0.0,0.0,1.0,0.0
8222484363,0.0,0.0,0.0,1.0,0.0
8222538062,0.0,1.0,0.0,0.0,0.0
8222590442,0.0,0.0,0.0,1.0,0.0
8222590692,0.0,0.33333334,0.0,0.6666667,0.0
8222593752,0.0,0.0,0.0,0.0,1.0
8222642272,0.0,0.0,0.0,1.0,0.0
8222642542,0.0,0.0,0.0,0.0,1.0
8222662932,0.0,0.0,0.0,1.0,0.0
8222669533,0.33333334,0.0,0.0,0.0,0.6666667
8222671292,0.0,0.0,0.0,0.0,1.0
8222690132,0.0,0.0,0.0,0.0,1.0
8222720812,1.0,0.0,0.0,0.0,0.0
8222729472,1.0,0.0,0.0,0.0,0.0
8222730702,0.0,0.0,0.0,1.0,0.0
8222763202,0.0,0.0,0.0,1.0,0.0
8222764042,0.0,0.0,0.0,1.0,0.0
8222774182,0.0,0.0,0.0,0.0,1.0
8222802582,0.0,0.0,0.0,0.0,1.0
8222810372,0.0,0.0,0.0,0.0,1.0
8222810932,0.0,0.0,0.0,0.0,1.0
8222817902,0.0,0.0,0.0,0.0,1.0
8222837723,0.0,0.0,0.0,1.0,0.0
8222870772,0.0,0.0,0.0,0.0,1.0
8222870852,0.0,0.0,0.0,0.0,1.0
8222887422,0.0,0.0,0.0,0.0,1.0
8222892662,0.0,0.0,0.0,0.0,1.0
8222900472,0.0,0.0,0.0,0.0,1.0
8222902902,0.0,0.0,0.0,1.0,0.0
8222917892,0.0,0.0,0.0,1.0,0.0
8222918192,1.0,0.0,0.0,0.0,0.0
8222934412,1.0,0.0,0.0,0.0,0.0
8222935472,0.0,0.0,0.0,1.0,0.0
8222940152,0.0,0.0,0.0,0.0,1.0
8222966532,0.0,0.0,0.0,1.0,0.0
8222971102,0.0,0.0,0.0,1.0,0.0
8222981582,0.0,0.0,0.0,1.0,0.0
8223005482,1.0,0.0,0.0,0.0,0.0
8223027262,0.0,0.0,0.0,1.0,0.0
8223051592,0.0,0.0,0.0,1.0,0.0
8223068372,0.0,0.0,0.0,0.0,1.0
8223068432,0.0,0.0,0.0,0.0,1.0
8223081342,0.0,0.0,0.0,0.0,1.0
8223086812,0.0,0.0,0.0,0.0,1.0
8223091992,0.0,0.0,0.0,0.0,1.0
8223099882,0.0,0.0,1.0,0.0,0.0
8223133593,0.0,0.0,0.0,1.0,0.0
8223133613,0.5,0.0,0.0,0.0,0.5
8223143572,0.0,0.0,0.0,0.0,1.0
8223178043,0.33333334,0.0,0.33333334,0.0,0.33333334
8223258122,0.0,0.0,0.0,1.0,0.0
8223259142,0.0,0.0,0.0,1.0,0.0
8223303872,0.0,0.0,0.0,1.0,0.0
8223304402,0.0,1.0,0.0,0.0,0.0
8223304412,1.0,0.0,0.0,0.0,0.0
8223320472,0.0,0.0,0.0,1.0,0.0
8223342763,0.0,0.0,0.0,1.0,0.0
8223371712,0.0,0.0,0.0,0.0,1.0
8223398042,0.0,0.0,0.0,1.0,0.0
8223398072,0.0,0.0,0.0,1.0,0.0
8223413202,0.0,0.5,0.0,0.5,0.0
8223466472,0.0,0.0,0.0,0.0,1.0
8223478132,0.0,0.0,0.0,1.0,0.0
8223481202,1.0,0.0,0.0,0.0,0.0
8223523032,0.0,0.0,0.0,0.0,1.0
8223663652,0.0,0.0,0.0,1.0,0.0
8223669913,0.0,0.0,0.0,1.0,0.0
8223670152,0.0,0.0,0.0,1.0,0.0
8223681932,0.0,0.0,0.0,1.0,0.0
8230031312,0.0,0.0,0.0,1.0,0.0
8230054382,0.0,0.0,0.0,1.0,0.0
8230054512,0.0,0.5,0.0,0.5,0.0
8230054932,0.0,0.0,0.0,1.0,0.0
8230055332,0.0,0.0,0.0,1.0,0.0
8230084062,0.0,0.0,0.0,1.0,0.0
8230172392,0.0,0.0,0.0,1.0,0.0
8230188702,0.0,0.0,0.0,1.0,0.0
8230228202,0.0,0.0,0.0,1.0,0.0
8230254302,0.0,0.0,0.0,1.0,0.0
8230273432,0.0,0.0,0.0,1.0,0.0
8230307252,0.0,0.0,0.0,1.0,0.0
8230326152,0.0,0.0,0.0,1.0,0.0
8230463612,0.0,0.0,0.0,1.0,0.0
8230465062,0.0,0.0,0.0,1.0,0.0
8230601192,0.0,0.0,0.0,1.0,0.0
8230601362,0.0,0.0,0.0,1.0,0.0
8230629672,0.0,0.0,0.0,1.0,0.0
8230705412,0.0,0.0,0.0,1.0,0.0
8230746912,0.0,0.0,0.0,1.0,0.0
8230764412,0.0,0.0,0.0,1.0,0.0
8230764432,0.0,0.0,0.0,1.0,0.0
8230839662,0.0,0.0,0.0,0.0,1.0
8310001892,0.0,0.0,0.0,1.0,0.0
8310060862,0.0,0.0,0.0,1.0,0.0
8310109592,1.0,0.0,0.0,0.0,0.0
8310125002,0.0,0.0,0.0,0.0,1.0
8310162173,0.0,0.0,0.0,0.0,1.0
8310162182,2.1949345e-34,0.0,0.0,0.5,0.5
8310162482,0.0,0.0,0.0,0.0,1.0
8310162502,0.0,0.0,0.0,1.0,0.0
8310203112,0.0,0.0,0.0,0.0,1.0
8310207762,0.0,0.0,0.0,1.0,0.0
8310215912,0.0,0.0,0.0,1.0,0.0
8310235402,0.0,0.0,0.0,0.0,1.0
8310255303,0.5,0.0,0.0,0.0,0.5
8310265552,0.0,0.0,0.0,0.0,1.0
8310291933,0.0,0.0,0.0,0.0,1.0
8310317213,0.0,0.0,0.0,0.0,1.0
8310334363,0.0,0.0,0.0,1.0,0.0
8310334402,1.0,0.0,0.0,0.0,0.0
8310455972,0.0,0.0,0.0,0.0,1.0
8310468452,0.0,0.0,0.0,0.0,1.0
8310468842,1.0,0.0,0.0,0.0,0.0
8310471903,0.0,0.0,0.0,1.0,0.0
8310482093,0.0,0.0,0.0,1.0,0.0
8310485463,0.0,0.0,0.0,0.0,1.0
8310512083,0.0,0.0,0.0,0.0,1.0
8310514913,0.0,0.0,0.0,1.0,0.0
8310546912,0.0,0.0,0.0,1.0,0.0
8310608642,0.0,0.0,0.0,1.0,0.0
8310624972,0.0,0.0,0.0,1.0,0.0
8310680303,0.0,0.0,0.0,1.0,0.0
8310703683,0.0,0.0,0.0,1.0,0.0
8310779653,0.0,0.0,0.0,1.0,0.0
8310779792,0.0,0.0,0.0,1.0,0.0
8311063983,0.0,0.0,0.0,1.0,0.0
8311254943,0.0,0.0,0.0,1.0,0.0
8311308553,0.0,0.0,0.0,1.0,0.0
8311323502,0.0,0.0,0.0,1.0,0.0
8311340222,0.0,0.0,0.0,1.0,0.0
8311361722,0.0,0.0,0.0,1.0,0.0
8311478853,0.0,0.0,0.0,1.0,0.0
8311518752,0.0,0.0,0.0,1.0,0.0
8311553132,0.0,0.0,0.0,1.0,0.0
8311694902,0.0,0.0,0.0,1.0,0.0
8311732202,0.0,0.0,0.0,1.0,0.0
8311738942,0.0,0.0,0.0,1.0,0.0
8311779722,0.0,0.0,0.0,1.0,0.0
8311787302,0.0,0.0,0.0,1.0,0.0
8311788542,0.0,0.0,0.0,1.0,0.0
8311788572,0.0,0.0,0.0,1.0,0.0
8311790762,0.0,0.0,0.0,1.0,0.0
8311800792,0.0,0.0,0.0,1.0,0.0
8311800842,0.0,0.0,0.0,1.0,0.0
8311827222,0.0,0.0,0.0,1.0,0.0
8311827343,0.0,0.0,0.0,1.0,0.0
8311857383,0.0,0.0,0.0,1.0,0.0
8311879023,0.0,0.0,0.0,1.0,0.0
8311880712,0.0,0.0,0.0,1.0,0.0
8311951762,0.0,0.0,0.0,1.0,0.0
8312069312,0.0,0.0,0.0,0.0,1.0
8312073183,0.0,0.0,0.0,0.0,1.0
8312081392,0.0,0.0,0.0,0.0,1.0
8312081772,1.0,0.0,0.0,0.0,0.0
8312155852,0.0,0.0,0.0,1.0,0.0
8312275432,0.0,0.0,0.0,1.0,0.0
8312299232,0.0,0.0,0.0,1.0,0.0
8312326212,0.0,0.0,0.0,1.0,0.0
8312409062,0.0,0.0,0.0,1.0,0.0
8312436402,0.0,0.0,0.0,1.0,0.0
8312688822,0.0,0.0,0.0,1.0,0.0
8312952332,0.0,0.0,0.0,1.0,0.0
8312952342,0.0,0.0,0.0,1.0,0.0
8312952382,0.0,0.0,0.0,1.0,0.0
8312986902,0.0,0.0,0.0,1.0,0.0
8312986972,0.0,0.0,0.0,1.0,0.0
8312987012,0.0,0.0,0.0,1.0,0.0
8312987022,0.0,0.0,0.0,1.0,0.0
8313031472,0.0,0.0,0.0,1.0,0.0
8313106042,0.0,0.0,0.0,1.0,0.0
8313222092,0.0,0.0,0.0,1.0,0.0
8313280382,0.0,0.0,0.0,1.0,0.0
8313440002,0.0,0.0,0.0,1.0,0.0
8313618243,0.0,0.0,0.0,1.0,0.0
8313715873,0.0,0.0,0.0,1.0,0.0
8313769583,0.0,0.0,0.0,1.0,0.0
8320009002,0.0,0.0,0.0,1.0,0.0
8320011162,0.0,0.0,0.0,0.0,1.0
8320013812,0.0,0.0,0.0,0.0,1.0
8320016632,1.0,0.0,0.0,0.0,0.0
8320019142,0.0,0.0,0.0,0.5,0.5
8320022322,0.0,0.0,0.0,1.0,0.0
8320059072,0.0,0.33333334,0.0,0.6666667,0.0
8320059272,0.0,0.0,0.0,1.0,0.0
8320062912,0.0,0.0,0.0,1.0,0.0
8320068822,0.0,0.0,0.0,1.0,0.0
8320074702,0.0,0.0,0.0,1.0,0.0
8320099392,0.0,0.0,0.0,1.0,0.0
8320112142,0.0,0.0,0.0,1.0,0.0
8320124992,0.0,0.0,0.0,1.0,0.0
8320125402,0.0,0.0,0.0,1.0,0.0
8320170352,0.0,0.0,0.0,1.0,0.0
8320170602,0.0,0.5,0.0,0.5,0.0
8320197092,0.0,0.0,0.0,1.0,0.0
8320207922,0.0,0.0,0.0,1.0,0.0
8320208172,0.0,0.0,0.0,1.0,0.0
8320208182,0.0,0.0,0.0,1.0,0.0
8320222442,0.0,0.33333334,0.0,0.6666667,0.0
8320248412,0.0,0.0,0.0,1.0,0.0
8320248502,0.0,0.0,0.0,1.0,0.0
8320292252,0.0,0.0,0.0,1.0,0.0
8320306832,0.0,0.0,0.0,1.0,0.0
8320311912,0.0,0.0,0.0,1.0,0.0
8320333882,0.0,0.0,0.0,1.0,0.0
8320334132,0.0,0.0,0.0,1.0,0.0
8320338732,0.0,0.0,0.0,1.0,0.0
8320358072,0.0,1.0,0.0,0.0,0.0
8320382472,0.0,0.5,0.0,0.5,0.0
8320395732,0.0,0.0,0.0,1.0,0.0
8320401662,0.0,0.6666667,0.0,0.33333334,0.0
8320420932,0.0,0.0,0.0,1.0,0.0
8320422212,0.0,0.0,0.0,1.0,0.0
8320428812,0.0,0.0,0.0,1.0,0.0
8320442852,0.0,1.0,0.0,0.0,0.0
8320442902,0.0,0.5,0.0,0.5,0.0
8320486272,0.0,0.0,0.0,1.0,0.0
8320510052,0.0,0.0,0.0,1.0,0.0
8320526963,0.0,0.0,0.0,1.0,0.0
8320542382,0.0,0.0,0.0,1.0,0.0
8320545032,0.0,0.0,0.0,1.0,0.0
8320567292,0.0,0.0,0.0,1.0,0.0
8320590542,0.0,0.0,0.0,1.0,0.0
8320641662,0.0,0.0,0.0,1.0,0.0
8320641673,0.0,0.0,0.0,1.0,0.0
8320694352,0.0,0.0,0.0,1.0,0.0
8320714842,0.0,0.0,0.0,1.0,0.0
8320784483,0.0,0.0,0.0,1.0,0.0
8320784523,0.0,0.0,0.0,1.0,0.0
8320825093,0.0,0.0,0.0,1.0,0.0
8320875292,0.0,0.0,0.0,1.0,0.0
8320956722,0.0,0.0,0.0,1.0,0.0
8320966172,0.0,0.0,0.0,1.0,0.0
8320980962,0.0,0.0,0.0,1.0,0.0
8321008622,0.0,0.0,0.0,1.0,0.0
8321011862,0.0,0.0,0.0,1.0,0.0
8321028492,0.0,0.0,0.0,1.0,0.0
8321038642,0.0,0.0,0.0,1.0,0.0
8321172212,0.0,0.0,0.0,1.0,0.0
8321317263,0.0,0.0,0.0,1.0,0.0
8321337452,0.0,0.0,0.0,1.0,0.0
8321390623,0.0,0.0,0.0,1.0,0.0
8321390642,0.0,0.0,0.0,1.0,0.0
8321413642,0.0,0.0,0.0,1.0,0.0
8321436662,0.0,0.0,0.0,1.0,0.0
8321519282,0.0,0.0,0.0,1.0,0.0
8321598633,0.0,0.0,0.0,1.0,0.0
8321609762,0.0,0.0,0.0,1.0,0.0
8321686192,0.0,0.0,0.0,1.0,0.0
8321686642,0.0,0.0,0.0,1.0,0.0
8321695372,0.0,0.0,0.0,1.0,0.0
8321747472,0.0,0.0,0.0,1.0,0.0
8321800842,0.0,0.0,0.0,1.0,0.0
8321910083,0.0,0.0,0.0,1.0,0.0
8321933403,0.0,0.0,0.0,1.0,0.0
8321996672,0.0,0.0,0.0,1.0,0.0
8321997042,0.0,0.0,0.0,1.0,0.0
8322077072,0.0,0.0,0.0,1.0,0.0
8322077143,0.0,0.0,0.0,1.0,0.0
8322101052,0.0,0.0,0.0,1.0,0.0
8322101153,0.0,1.0,0.0,0.0,0.0
8322101343,0.0,0.0,0.0,1.0,0.0
8322167053,0.0,0.0,0.0,1.0,0.0
8322167212,0.0,0.0,0.0,1.0,0.0
8322168793,0.0,0.0,0.0,1.0,0.0
8322176072,0.0,0.0,0.0,1.0,0.0
8322197282,0.0,0.0,0.0,1.0,0.0
8322234292,0.0,0.0,0.0,1.0,0.0
8322262862,0.0,0.0,0.0,1.0,0.0
8322285102,0.0,0.0,0.0,1.0,0.0
8322296522,0.0,0.0,0.0,1.0,0.0
8322324952,0.0,0.0,0.0,1.0,0.0
8322324962,0.0,0.0,0.0,1.0,0.0
8322340032,0.0,0.0,0.0,1.0,0.0
8322345192,0.0,0.0,0.0,1.0,0.0
8322349092,0.0,0.0,0.0,1.0,0.0
8322462643,0.0,0.0,0.0,1.0,0.0
8322493182,0.0,0.0,0.0,1.0,0.0
8322502832,0.0,0.0,0.0,1.0,0.0
8322524102,0.0,0.0,0.0,1.0,0.0
8322578083,0.0,0.0,0.0,1.0,0.0
8322636552,0.0,0.0,0.0,1.0,0.0
8322665922,0.0,0.0,0.0,1.0,0.0
8322683442,0.0,0.0,0.0,1.0,0.0
8322756622,0.0,0.0,0.0,1.0,0.0
8322818522,0.0,0.0,0.0,1.0,0.0
8322897572,0.0,0.0,0.0,1.0,0.0
8323018393,0.0,0.0,0.0,1.0,0.0
8323018462,0.0,0.0,0.0,1.0,0.0
8323106553,0.0,0.0,0.0,1.0,0.0
8323189943,0.0,0.0,0.0,1.0,0.0
8323268673,0.0,0.0,0.0,1.0,0.0
8323517712,0.0,0.0,0.0,1.0,0.0
8323534452,0.0,0.0,0.0,1.0,0.0
8323534573,0.0,0.0,0.0,1.0,0.0
8330172662,0.0,0.0,0.0,1.0,0.0
8410162943,0.0,0.0,0.0,1.0,0.0
8420160082,0.0,0.5,0.0,0.5,0.0
8420221053,0.0,0.0,0.0,1.0,0.0
8420385742,0.0,0.0,0.0,1.0,0.0
8420396972,0.0,0.0,0.0,1.0,0.0
8420401502,0.0,0.0,0.0,1.0,0.0
8420431492,0.0,0.0,0.0,1.0,0.0
8420431632,0.0,0.0,0.0,1.0,0.0
8420431682,0.0,0.0,0.0,1.0,0.0
8420449912,0.0,0.0,0.0,1.0,0.0
8420466462,0.0,0.0,0.0,1.0,0.0
8420502442,0.0,0.0,0.0,1.0,0.0
8420502462,0.0,0.0,0.0,1.0,0.0
8420522983,0.0,0.0,0.0,1.0,0.0
8420589272,0.0,0.0,0.0,1.0,0.0
8420635742,0.0,0.0,0.0,1.0,0.0
8420656712,0.0,0.0,0.0,1.0,0.0
8420656732,0.0,0.0,0.0,1.0,0.0
8420725752,1.0,0.0,0.0,0.0,0.0
8420725813,0.0,0.0,0.0,1.0,0.0
8420725823,0.0,0.0,0.0,1.0,0.0
8420749233,0.0,0.0,0.0,1.0,0.0
8420901382,0.0,0.0,0.0,1.0,0.0
8420939312,0.0,0.0,0.0,1.0,0.0
8420956503,0.0,0.0,0.0,1.0,0.0
8420956533,0.0,0.0,0.0,1.0,0.0
8420956583,0.0,0.0,0.0,1.0,0.0
8421007022,0.0,0.0,0.0,1.0,0.0
8421075873,0.0,0.0,0.0,1.0,0.0
8421128422,0.0,0.0,0.0,1.0,0.0
8421128852,0.0,0.0,0.0,1.0,0.0
8421148993,0.0,0.0,0.0,1.0,0.0
8421370703,0.0,0.0,0.0,1.0,0.0
8421395462,0.0,0.0,0.0,1.0,0.0
8421401833,0.0,0.0,0.0,1.0,0.0
8421401932,0.0,0.0,0.0,1.0,0.0
8421401973,0.0,0.0,0.0,1.0,0.0
8421500643,0.0,0.0,0.0,1.0,0.0
8421500723,0.0,0.0,0.0,1.0,0.0
8421540412,0.0,0.0,0.0,1.0,0.0
8421598193,0.0,0.0,0.0,1.0,0.0
8430112922,0.0,0.0,0.0,1.0,0.0
8430112972,0.0,0.0,0.0,1.0,0.0
8430145182,0.0,0.0,0.0,1.0,0.0
8430185752,0.0,0.0,0.0,1.0,0.0
8510109002,0.0,0.0,0.0,1.0,0.0
8510231912,0.0,0.0,0.0,1.0,0.0
8510312623,0.0,0.0,0.0,1.0,0.0
8510335612,1.0,0.0,0.0,0.0,0.0
8520044762,0.0,0.0,0.0,1.0,0.0
8520211272,0.0,0.0,0.0,1.0,0.0
8520237282,0.0,0.0,0.0,1.0,0.0
8520335702,0.0,0.0,0.0,1.0,0.0
8520335733,0.0,0.0,0.0,1.0,0.0
8520608972,0.0,0.0,0.0,1.0,0.0
8520638062,0.0,0.0,0.0,1.0,0.0
8520750352,0.0,0.0,0.0,1.0,0.0
8520896873,0.0,0.0,0.0,0.0,1.0
8521046222,0.0,0.0,0.0,1.0,0.0
8521046232,0.0,0.0,0.0,1.0,0.0
8521186533,1.0,0.0,0.0,0.0,0.0
8521250202,0.0,0.0,0.0,1.0,0.0
8521283042,0.0,0.0,0.0,1.0,0.0
8521283082,0.0,0.0,0.0,1.0,0.0
8521293142,0.0,0.0,0.0,1.0,0.0
8521338773,0.0,0.0,0.0,1.0,0.0
8521338783,0.0,0.0,0.0,1.0,0.0
8521399233,0.0,0.0,0.0,1.0,0.0
8521616512,1.0,0.0,0.0,0.0,0.0
8521668342,0.0,0.0,0.0,1.0,0.0
8521668632,0.0,0.0,0.0,1.0,0.0
8521712022,0.0,0.0,0.0,1.0,0.0
8521723442,0.0,0.0,0.0,1.0,0.0
8521786943,0.0,0.0,0.0,1.0,0.0
8521786973,0.0,0.0,0.0,1.0,0.0
8521816233,0.0,0.0,0.0,1.0,0.0
8521822872,1.0,0.0,0.0,0.0,0.0
9120143983,0.0,0.0,0.0,0.0,1.0
9120143992,0.0,0.0,0.0,1.0,0.0
9120276102,0.0,0.0,0.0,1.0,0.0
9120276152,0.0,0.0,0.0,1.0,0.0
9130036692,0.0,0.0,0.0,1.0,0.0
9130048412,0.0,0.0,0.0,1.0,0.0
